-- phpMyAdmin SQL Dump
-- version 4.8.4
-- https://www.phpmyadmin.net/
--
-- Host: btuvazt71lilis0xucer-mysql.services.clever-cloud.com:3306
-- Generation Time: Nov 11, 2022 at 08:31 AM
-- Server version: 8.0.15-5
-- PHP Version: 7.2.34

SET SQL_MODE = "NO_AUTO_VALUE_ON_ZERO";
SET AUTOCOMMIT = 0;
START TRANSACTION;
SET time_zone = "+00:00";


/*!40101 SET @OLD_CHARACTER_SET_CLIENT=@@CHARACTER_SET_CLIENT */;
/*!40101 SET @OLD_CHARACTER_SET_RESULTS=@@CHARACTER_SET_RESULTS */;
/*!40101 SET @OLD_COLLATION_CONNECTION=@@COLLATION_CONNECTION */;
/*!40101 SET NAMES utf8mb4 */;

--
-- Database: `btuvazt71lilis0xucer`
--
CREATE DATABASE IF NOT EXISTS `btuvazt71lilis0xucer` DEFAULT CHARACTER SET utf8 COLLATE utf8_general_ci;
USE `btuvazt71lilis0xucer`;

-- --------------------------------------------------------

--
-- Table structure for table `anthropometriques`
--

CREATE TABLE `anthropometriques` (
  `id` int(11) NOT NULL,
  `id_anthropometrique` char(36) CHARACTER SET utf8 COLLATE utf8_bin DEFAULT NULL,
  `date_admission_patient` datetime DEFAULT NULL,
  `date_guerison_patient` datetime DEFAULT NULL,
  `first_picture` longtext CHARACTER SET utf8 COLLATE utf8_general_ci,
  `last_picture` longtext CHARACTER SET utf8 COLLATE utf8_general_ci,
  `commentaires` text,
  `peri_cranien` float DEFAULT NULL,
  `peri_brachial` float NOT NULL,
  `poids` float NOT NULL,
  `taille` float DEFAULT NULL,
  `hemoglobine` float DEFAULT NULL,
  `hematocrite` float DEFAULT NULL,
  `ration_seche` tinyint(1) NOT NULL,
  `type_oedeme` varchar(255) DEFAULT NULL,
  `type_malnutrition` varchar(255) NOT NULL,
  `patientId` int(11) NOT NULL,
  `createdAt` datetime NOT NULL,
  `updatedAt` datetime NOT NULL,
  `deletedAt` datetime DEFAULT NULL
) ENGINE=InnoDB DEFAULT CHARSET=utf8;

--
-- Dumping data for table `anthropometriques`
--

INSERT INTO `anthropometriques` (`id`, `id_anthropometrique`, `date_admission_patient`, `date_guerison_patient`, `first_picture`, `last_picture`, `commentaires`, `peri_cranien`, `peri_brachial`, `poids`, `taille`, `hemoglobine`, `hematocrite`, `ration_seche`, `type_oedeme`, `type_malnutrition`, `patientId`, `createdAt`, `updatedAt`, `deletedAt`) VALUES
(44, '32ac8c7a-97ab-4445-a11a-5f899d5e244a', '2021-01-20 00:00:00', '2022-08-11 21:52:15', '', NULL, 'T/A:[-2,-3] ZSCORE\nP/A:[-2,-3] ZSCORE\nP/T[-2,-3] ZSCORE', 49, 13, 10.6, 88, NULL, NULL, 0, '', 'MAM', 40, '2021-01-20 00:00:00', '2022-08-11 22:04:58', NULL),
(45, '89960fb5-1f3a-4997-8397-04dfa5f23423', '2021-01-20 00:00:00', '2022-08-11 22:05:22', '', NULL, 'T/A:[-2,-3]ZSC\nP/A[0,2]ZSC\nP/T[1,0]ZSC\nPC/A: 0 ZSC', 47, 13, 9.5, 74, NULL, NULL, 1, '+ +', 'MAM', 41, '2021-01-20 00:00:00', '2022-08-11 22:39:45', NULL),
(46, '07fd2f3b-bc4d-4790-8800-75a378c28439', '2021-01-20 00:00:00', '2022-08-15 08:00:33', '', NULL, 'Décoloration des cheveux', 0, 14, 17.5, 106, NULL, NULL, 1, '+', 'MAM', 42, '2021-01-20 00:00:00', '2022-08-15 08:23:04', NULL),
(47, 'e0629e05-ff71-4887-91bd-bbdde798ea2d', '2021-01-22 00:00:00', '2022-08-15 08:29:34', '', NULL, 'RAS', 0, 14, 11.3, 92, NULL, NULL, 0, '', 'MAM', 43, '2021-01-22 00:00:00', '2022-08-15 08:48:19', NULL),
(48, '93595e57-00e0-4eb8-a482-6c56d9780427', '2021-01-25 00:00:00', '2022-08-15 10:04:16', '', NULL, 'RAS', 0, 13.8, 12, 91.5, NULL, NULL, 0, '', 'MAM', 44, '2021-01-25 00:00:00', '2022-08-15 10:43:42', NULL),
(49, '85745873-339e-4368-899b-d7c1c7d38339', '2021-01-25 00:00:00', '2022-08-15 10:45:00', '', NULL, 'RAS', 0, 13, 13.3, 101.5, NULL, NULL, 0, '', 'MAM', 45, '2021-01-25 00:00:00', '2022-08-15 10:57:27', NULL),
(50, 'e7e66cc2-6ff9-4fb9-8ec2-113a958c5460', '2021-01-27 00:00:00', '2022-08-15 13:02:35', '', NULL, 'T/A:  <-3zscore : retard de croissance sévère\nP/T: [-2,-3] Zscore\nP/A: <-3 Zscore : émaciation sévère\nPC/A : [0,-1] Zscore', 46.9, 12.3, 7.2, 70.5, NULL, NULL, 0, '', 'MAM / FMC', 46, '2021-01-27 00:00:00', '2022-08-15 13:25:28', NULL),
(51, 'bbe41e05-2efb-4b7a-a08f-4aea97f6baa5', '2021-02-05 00:00:00', '2022-08-15 13:26:27', '', NULL, 'RAS', 0, 12.5, 13, 100, NULL, NULL, 0, '', 'MAM', 47, '2021-02-05 00:00:00', '2022-08-15 13:50:51', NULL),
(52, '045a3204-5b67-43c5-84de-4f197a371179', '2021-02-22 00:00:00', '2022-08-16 07:46:36', '', NULL, 'P/A[0,-2] Zscore\nP/T[-2,-3] Zscore\nT/A<-3 zscore: retard de croissance sévère\nPC/A[ 85th-50th]', 49.5, 13.5, 12, 97, NULL, NULL, 0, '', 'MAM / FMC', 48, '2021-02-22 00:00:00', '2022-08-16 08:17:56', NULL),
(53, '9cf56e91-9c8c-4f71-89ad-5ae864396606', '2021-03-01 00:00:00', '2022-08-16 08:19:25', '', NULL, 'P/A: [-2,-3] Zscore : insuffisance pondérale modérée\nP/T[-1,-2] Zscore\nP/A<-3 Zscore : retard de croissance sévère\nPC/A:[ 50th-15th]', 45.5, 12.4, 7.4, 71.5, NULL, NULL, 0, '', 'MAM / FMC', 49, '2021-03-01 00:00:00', '2022-08-16 08:43:57', NULL),
(54, 'b215a5d1-aabd-49e0-9a01-b0e31bb115f4', '2021-03-15 00:00:00', '2022-08-16 08:44:51', '', NULL, 'P/A <-3 Zscore : insuffisance pondérale sévère\nT/A<-3 Zscore : retard de croissance sévère\nP/T<-3 Zscore : malnutrition aiguë sévère\nPC/A[-1,-2] Zscore', 45, 9.5, 5.5, 66, NULL, NULL, 0, '', 'MAS-M / FMC', 50, '2021-03-15 00:00:00', '2022-08-16 09:09:46', NULL),
(55, '6e8eda7e-68bd-4435-a977-9908ae80719a', '2021-04-02 00:00:00', '2022-08-17 07:43:53', '', NULL, 'RAS', 0, 13.7, 14.5, 106.5, NULL, NULL, 0, '', 'MAM', 51, '2021-04-02 00:00:00', '2022-08-17 07:54:22', NULL),
(56, '19322773-5cfd-4b0b-95de-d1f2f28ce0c9', '2021-06-18 00:00:00', '2022-08-24 07:18:34', '', NULL, 'T/A:<-3 Zscore :retard de croissance sévère\nP/T:[-2,-3]\nP/A:<-3 Zscore : émaciation sévère\nPC/A:[0,1]', 45, 11.8, 6.3, 65.5, NULL, NULL, 0, '', 'MAM / FMC', 52, '2021-06-18 00:00:00', '2022-08-24 07:29:09', NULL),
(57, 'ee33ee46-976e-4afe-9787-97cc1bf20d74', '2021-06-11 00:00:00', '2022-08-24 07:32:36', '', NULL, 'T/A<-3 Zscore : retard de croissance sévère\nP/A<-3 Zscore : émaciation sévère\nP/T[-2,-3] Zscore\nPC/A: P50', 46, 11.3, 6.4, 68, NULL, NULL, 0, '', 'MAS-M / FMC', 53, '2021-06-11 00:00:00', '2022-08-24 08:56:31', NULL),
(58, 'fd97e0dd-3e2a-4b99-aede-ec11159b2de7', '2021-06-02 00:00:00', '2022-08-24 09:04:34', '', NULL, 'P/A[ -2,-3] Zscore\nT/A<-3 Zscore : retard de croissance\nP/T>3 Zscore\nPC /A[1,0] Zscore', 45, 11.8, 6.4, 65, NULL, NULL, 0, '', 'MAM / FMC', 54, '2021-06-02 00:00:00', '2022-08-24 10:12:11', NULL),
(59, '9fa5df03-cf5b-42e7-84a4-a9bcbd099455', '2021-07-05 00:00:00', '2022-08-24 12:25:48', '', NULL, 'T/A:[-2,-3] Zscore\nP/A[ 0,-2] Zscore\nP/T[0,-1] Zscore\nPC/A:[50th-15th]', 45, 14.2, 8, 70, NULL, NULL, 0, '', 'MAM', 55, '2021-07-05 00:00:00', '2022-08-24 12:44:01', NULL),
(60, '7caa7bb0-be35-4f5c-a0e4-c7593ea6527e', '2021-07-12 00:00:00', '2022-08-24 12:45:41', '', NULL, 'T/A <-3 Zscore :retard de croissance\nP/A <-3 Zscore : émaciation sévère\nP/T[1,0] Zscore\nPC/A:< -3 Zscore', 44, 12.3, 7.2, 64, NULL, NULL, 0, '', 'MC', 56, '2021-07-12 00:00:00', '2022-08-24 13:43:47', NULL),
(61, '7975876c-0c38-44e7-aa89-738838736c05', '2021-04-02 00:00:00', '2022-09-07 17:29:15', '', NULL, 'P/T[0,-1]Zscore\nT/A<-3 Zscore\nP/A<-3 Zscore\nPC/A[-1,-2] Zscore', 48, 13.7, 10, 80, NULL, NULL, 0, '', 'MC', 57, '2021-04-02 00:00:00', '2022-09-07 17:47:35', NULL),
(62, '3f6fb804-9cf8-4032-a449-5ea09fe86522', '2021-04-02 00:00:00', '2022-09-08 04:55:11', '', NULL, 'P/T: [0,-1] Zscore\nP/A<-3zscore,\nT/A<-3zscore\nPC/A[0,-1] Zscore', 47, 12.3, 8.3, 71, NULL, NULL, 0, '', 'MAM / FMC', 58, '2021-04-02 00:00:00', '2022-09-08 05:07:40', NULL),
(63, '1bbef57d-5511-420a-9d8c-07da87cc6211', '2021-04-19 00:00:00', '2022-09-08 05:08:29', '', NULL, 'P/T <-3 Zscore\nP/A<-3 Zscore\nT/A[-2,-3] Zscore\nPC/A<-3zscore', 33.5, 10, 5.4, 64, NULL, NULL, 0, '', 'MAS-M', 59, '2021-04-19 00:00:00', '2022-09-08 05:27:04', NULL),
(65, '3279521b-2da1-4d96-b95b-bbbeba8b17ed', '2021-05-03 00:00:00', '2022-09-08 14:33:44', '', NULL, 'L\'examen physique ne note pas de particularité', 0, 14, 16, 112, NULL, NULL, 0, '', 'MAM', 61, '2021-05-03 00:00:00', '2022-09-08 15:05:27', NULL),
(66, 'acbaa41d-a415-4382-9112-2054538b9fb8', '2021-05-03 00:00:00', '2022-09-14 14:51:27', '', NULL, 'T/A>3 ZScore\nP/A:[0,2] ZScore\nP/T:[0,1] ZScore\nPC/A[2,1] ZScore', 48.5, 14.9, 11.8, 83.5, NULL, NULL, 0, '', 'MAM', 62, '2021-05-03 00:00:00', '2022-09-14 15:09:05', NULL),
(67, '3b352de8-8b2c-4b0c-9361-0507d419ab87', '2021-05-03 00:00:00', '2022-09-15 00:04:12', '', NULL, 'P/A:<-3 Zscore\nT/A:<-3 Zscore\nP/T:[-1,-2] Zscore\nPC/A:[15 th-3rd]', 47.5, 12.2, 8.8, 79.5, NULL, NULL, 0, '', 'MAM / FMC', 63, '2021-05-03 00:00:00', '2022-09-15 00:14:36', NULL),
(68, '3e2e04d0-ecb4-4963-806f-44c37ee8a666', '2021-05-03 00:00:00', '2022-09-15 00:16:44', '', NULL, 'T/A<-3 Zscore\nP/A<-3 Zscore\nP/T<-3 Zscore\nPC/A<-3 Zscore', 42.5, 12, 6, 67, NULL, NULL, 0, '', 'MAS-M / FMC', 64, '2021-05-03 00:00:00', '2022-09-15 00:36:39', NULL),
(69, 'a7c58126-f999-4ff0-b6cd-068f980386f8', '2021-05-03 00:00:00', '2022-09-15 00:38:21', '', NULL, 'l\'examen physique ne note pas de particularités', 0, 14, 15.6, 110, NULL, NULL, 0, '', 'MAM', 65, '2021-05-03 00:00:00', '2022-09-15 00:48:28', NULL),
(70, '00dd49fb-4289-4477-a9ef-1c3a00e14e72', '2021-05-07 00:00:00', '2022-09-15 00:52:11', '', NULL, 'P/A<-3 Zscore\nT/A<-3 Zscore\nP/T[-2,-3] Zscore\nPC/A[-1,-2] Zscore', 47, 11.5, 8.9, 82, NULL, NULL, 0, '', 'MAM / FMC', 66, '2021-05-07 00:00:00', '2022-09-15 01:14:24', NULL);

-- --------------------------------------------------------

--
-- Table structure for table `attendances`
--

CREATE TABLE `attendances` (
  `id` int(11) NOT NULL,
  `date` datetime NOT NULL,
  `user_id` int(11) NOT NULL,
  `attendance_state` varchar(255) NOT NULL,
  `createdAt` datetime NOT NULL,
  `updatedAt` datetime NOT NULL
) ENGINE=InnoDB DEFAULT CHARSET=utf8;

--
-- Dumping data for table `attendances`
--

INSERT INTO `attendances` (`id`, `date`, `user_id`, `attendance_state`, `createdAt`, `updatedAt`) VALUES
(45, '2022-02-02 15:06:49', 1, 'R', '2022-02-02 15:06:50', '2022-02-02 15:06:50'),
(46, '2022-02-02 15:46:46', 9, 'R', '2022-02-02 15:46:47', '2022-02-02 15:46:47'),
(47, '2022-02-03 07:28:23', 10, 'P', '2022-02-03 07:28:24', '2022-02-03 07:28:24'),
(48, '2022-02-04 01:01:51', 1, 'P', '2022-02-04 01:01:52', '2022-02-04 01:01:52'),
(49, '2022-02-06 12:09:28', 1, 'R', '2022-02-06 12:09:29', '2022-02-06 12:09:29'),
(50, '2022-02-07 06:16:30', 1, 'P', '2022-02-07 06:16:31', '2022-02-07 06:16:31'),
(51, '2022-02-07 08:19:10', 1, 'P', '2022-02-07 08:19:11', '2022-02-07 08:19:11'),
(52, '2022-02-07 08:25:27', 1, 'P', '2022-02-07 08:25:28', '2022-02-07 08:25:28'),
(53, '2022-02-07 08:29:25', 1, 'P', '2022-02-07 08:29:26', '2022-02-07 08:29:26'),
(54, '2022-02-07 10:02:29', 1, 'R', '2022-02-07 10:02:30', '2022-02-07 10:02:30'),
(55, '2022-02-07 11:41:04', 1, 'R', '2022-02-07 11:41:05', '2022-02-07 11:41:05'),
(56, '2022-02-07 13:03:17', 1, 'R', '2022-02-07 13:03:18', '2022-02-07 13:03:18'),
(57, '2022-02-07 13:33:18', 10, 'R', '2022-02-07 13:33:19', '2022-02-07 13:33:19'),
(58, '2022-02-08 09:07:12', 1, 'R', '2022-02-08 09:07:13', '2022-02-08 09:07:13'),
(59, '2022-02-15 08:58:32', 1, 'R', '2022-02-15 08:58:33', '2022-02-15 08:58:33'),
(60, '2022-02-15 09:48:23', 1, 'R', '2022-02-15 09:48:24', '2022-02-15 09:48:24'),
(64, '2022-02-15 11:46:07', 1, 'R', '2022-02-15 11:46:08', '2022-02-15 11:46:08'),
(65, '2022-02-15 11:57:00', 1, 'R', '2022-02-15 11:57:01', '2022-02-15 11:57:01'),
(66, '2022-02-16 07:10:54', 1, 'P', '2022-02-16 07:10:55', '2022-02-16 07:10:55'),
(67, '2022-02-16 08:40:27', 1, 'R', '2022-02-16 08:40:28', '2022-02-16 08:40:28'),
(70, '2022-02-16 23:04:46', 1, 'R', '2022-02-16 23:04:47', '2022-02-16 23:04:47'),
(71, '2022-02-18 08:50:05', 1, 'R', '2022-02-18 08:50:06', '2022-02-18 08:50:06'),
(72, '2022-02-18 09:21:27', 1, 'R', '2022-02-18 09:21:28', '2022-02-18 09:21:28'),
(74, '2022-02-21 09:03:52', 1, 'R', '2022-02-21 09:03:53', '2022-02-21 09:03:53'),
(75, '2022-02-21 09:07:55', 1, 'R', '2022-02-21 09:07:56', '2022-02-21 09:07:56'),
(76, '2022-02-21 11:23:37', 1, 'R', '2022-02-21 11:23:38', '2022-02-21 11:23:38'),
(77, '2022-02-28 07:15:58', 1, 'P', '2022-02-28 07:15:59', '2022-02-28 07:15:59'),
(78, '2022-02-28 08:18:39', 1, 'P', '2022-02-28 08:18:40', '2022-02-28 08:18:40'),
(79, '2022-02-28 14:19:58', 10, 'R', '2022-02-28 14:19:59', '2022-02-28 14:19:59'),
(80, '2022-02-28 17:50:55', 1, 'R', '2022-02-28 17:50:56', '2022-02-28 17:50:56'),
(81, '2022-02-28 23:14:31', 1, 'R', '2022-02-28 23:14:32', '2022-02-28 23:14:32'),
(82, '2022-03-01 01:17:52', 1, 'P', '2022-03-01 01:17:53', '2022-03-01 01:17:53'),
(83, '2022-03-01 01:32:41', 1, 'P', '2022-03-01 01:32:42', '2022-03-01 01:32:42'),
(84, '2022-03-01 18:26:56', 1, 'R', '2022-03-01 18:26:57', '2022-03-01 18:26:57'),
(85, '2022-03-02 00:02:29', 1, 'P', '2022-03-02 00:02:30', '2022-03-02 00:02:30'),
(86, '2022-03-02 09:27:13', 7, 'R', '2022-03-02 09:27:14', '2022-03-02 09:27:14'),
(87, '2022-03-02 10:12:53', 1, 'R', '2022-03-02 10:12:54', '2022-03-02 10:12:54'),
(88, '2022-03-03 12:30:58', 1, 'R', '2022-03-03 12:30:59', '2022-03-03 12:30:59'),
(89, '2022-03-03 14:06:33', 1, 'R', '2022-03-03 14:06:34', '2022-03-03 14:06:34'),
(90, '2022-03-03 14:07:42', 1, 'R', '2022-03-03 14:07:43', '2022-03-03 14:07:43'),
(91, '2022-03-04 01:42:32', 1, 'P', '2022-03-04 01:42:33', '2022-03-04 01:42:33'),
(92, '2022-03-04 05:32:48', 1, 'P', '2022-03-04 05:32:49', '2022-03-04 05:32:49'),
(93, '2022-03-04 14:36:28', 1, 'R', '2022-03-04 14:36:29', '2022-03-04 14:36:29'),
(94, '2022-03-04 14:49:15', 1, 'R', '2022-03-04 14:49:16', '2022-03-04 14:49:16'),
(95, '2022-03-04 15:13:02', 1, 'R', '2022-03-04 15:13:03', '2022-03-04 15:13:03'),
(96, '2022-03-05 21:44:57', 1, 'R', '2022-03-05 21:44:58', '2022-03-05 21:44:58'),
(97, '2022-03-15 19:40:50', 1, 'R', '2022-03-15 19:40:51', '2022-03-15 19:40:51'),
(98, '2022-03-17 00:02:50', 1, 'P', '2022-03-17 00:02:51', '2022-03-17 00:02:51'),
(99, '2022-03-17 01:53:10', 1, 'P', '2022-03-17 01:53:11', '2022-03-17 01:53:11'),
(100, '2022-03-17 02:07:33', 1, 'P', '2022-03-17 02:07:34', '2022-03-17 02:07:34'),
(101, '2022-03-17 16:54:13', 1, 'R', '2022-03-17 16:54:14', '2022-03-17 16:54:14'),
(102, '2022-03-18 10:32:28', 1, 'R', '2022-03-18 10:32:29', '2022-03-18 10:32:29'),
(103, '2022-03-18 10:52:34', 1, 'R', '2022-03-18 10:52:35', '2022-03-18 10:52:35'),
(104, '2022-03-19 12:57:15', 7, 'R', '2022-03-19 12:57:16', '2022-03-19 12:57:16'),
(105, '2022-03-19 23:17:10', 1, 'R', '2022-03-19 23:17:11', '2022-03-19 23:17:11'),
(106, '2022-03-20 11:46:36', 1, 'R', '2022-03-20 11:46:37', '2022-03-20 11:46:37'),
(107, '2022-03-21 10:56:11', 7, 'R', '2022-03-21 10:56:12', '2022-03-21 10:56:12'),
(108, '2022-03-22 08:12:14', 8, 'P', '2022-03-22 08:12:15', '2022-03-22 08:12:15'),
(109, '2022-03-22 08:42:17', 8, 'R', '2022-03-22 08:42:18', '2022-03-22 08:42:18'),
(110, '2022-03-22 12:48:42', 1, 'R', '2022-03-22 12:48:43', '2022-03-22 12:48:43'),
(111, '2022-03-22 13:36:32', 1, 'R', '2022-03-22 13:36:33', '2022-03-22 13:36:33'),
(112, '2022-03-22 14:10:18', 1, 'R', '2022-03-22 14:10:19', '2022-03-22 14:10:19'),
(113, '2022-03-23 05:53:26', 7, 'P', '2022-03-23 05:53:27', '2022-03-23 05:53:27'),
(114, '2022-03-23 09:52:11', 1, 'R', '2022-03-23 09:52:12', '2022-03-23 09:52:12'),
(115, '2022-03-23 14:36:53', 1, 'R', '2022-03-23 14:36:54', '2022-03-23 14:36:54'),
(116, '2022-03-23 17:27:33', 1, 'R', '2022-03-23 17:27:34', '2022-03-23 17:27:34'),
(117, '2022-03-24 11:44:00', 1, 'R', '2022-03-24 11:44:01', '2022-03-24 11:44:01'),
(118, '2022-03-24 11:45:09', 1, 'R', '2022-03-24 11:45:10', '2022-03-24 11:45:10'),
(119, '2022-03-26 12:15:27', 1, 'R', '2022-03-26 12:15:28', '2022-03-26 12:15:28'),
(120, '2022-03-27 11:56:28', 1, 'R', '2022-03-27 11:56:29', '2022-03-27 11:56:29'),
(121, '2022-03-27 12:52:13', 7, 'R', '2022-03-27 12:52:14', '2022-03-27 12:52:14'),
(122, '2022-03-27 14:45:40', 1, 'R', '2022-03-27 14:45:41', '2022-03-27 14:45:41'),
(123, '2022-03-28 22:08:44', 1, 'R', '2022-03-28 22:08:45', '2022-03-28 22:08:45'),
(124, '2022-03-28 22:14:18', 1, 'R', '2022-03-28 22:14:19', '2022-03-28 22:14:19'),
(125, '2022-03-29 00:24:37', 1, 'P', '2022-03-29 00:24:38', '2022-03-29 00:24:38'),
(126, '2022-03-29 00:35:16', 7, 'P', '2022-03-29 00:35:17', '2022-03-29 00:35:17'),
(127, '2022-03-29 00:48:35', 1, 'P', '2022-03-29 00:48:36', '2022-03-29 00:48:36'),
(128, '2022-03-29 14:17:36', 7, 'R', '2022-03-29 14:17:37', '2022-03-29 14:17:37'),
(129, '2022-03-29 15:34:02', 1, 'R', '2022-03-29 15:34:03', '2022-03-29 15:34:03'),
(130, '2022-03-29 15:43:01', 1, 'R', '2022-03-29 15:43:02', '2022-03-29 15:43:02'),
(131, '2022-03-29 20:38:46', 7, 'R', '2022-03-29 20:38:47', '2022-03-29 20:38:47'),
(132, '2022-03-30 14:16:46', 1, 'R', '2022-03-30 14:16:47', '2022-03-30 14:16:47'),
(133, '2022-03-30 14:17:44', 1, 'R', '2022-03-30 14:17:45', '2022-03-30 14:17:45'),
(134, '2022-03-30 17:27:31', 7, 'R', '2022-03-30 17:27:32', '2022-03-30 17:27:32'),
(135, '2022-03-31 04:16:22', 7, 'P', '2022-03-31 04:16:23', '2022-03-31 04:16:23'),
(136, '2022-03-31 11:43:00', 7, 'R', '2022-03-31 11:43:01', '2022-03-31 11:43:01'),
(137, '2022-03-31 11:45:46', 1, 'R', '2022-03-31 11:45:47', '2022-03-31 11:45:47'),
(138, '2022-03-31 13:57:22', 1, 'R', '2022-03-31 13:57:23', '2022-03-31 13:57:23'),
(139, '2022-03-31 13:58:25', 7, 'R', '2022-03-31 13:58:25', '2022-03-31 13:58:25'),
(140, '2022-03-31 16:38:03', 1, 'R', '2022-03-31 16:38:04', '2022-03-31 16:38:04'),
(141, '2022-04-01 13:44:23', 7, 'R', '2022-04-01 13:44:24', '2022-04-01 13:44:24'),
(142, '2022-04-01 14:23:55', 1, 'R', '2022-04-01 14:23:56', '2022-04-01 14:23:56'),
(143, '2022-04-01 15:27:35', 9, 'R', '2022-04-01 15:27:36', '2022-04-01 15:27:36'),
(144, '2022-04-01 15:28:57', 1, 'R', '2022-04-01 15:28:58', '2022-04-01 15:28:58'),
(145, '2022-04-03 14:45:18', 1, 'R', '2022-04-03 14:45:19', '2022-04-03 14:45:19'),
(146, '2022-04-04 11:56:42', 1, 'R', '2022-04-04 11:56:43', '2022-04-04 11:56:43'),
(147, '2022-04-04 19:41:27', 1, 'R', '2022-04-04 19:41:28', '2022-04-04 19:41:28'),
(148, '2022-04-05 00:20:01', 1, 'P', '2022-04-05 00:20:02', '2022-04-05 00:20:02'),
(149, '2022-04-05 07:45:06', 7, 'P', '2022-04-05 07:45:07', '2022-04-05 07:45:07'),
(150, '2022-04-05 11:09:46', 7, 'R', '2022-04-05 11:09:47', '2022-04-05 11:09:47'),
(151, '2022-04-05 11:35:58', 1, 'R', '2022-04-05 11:35:59', '2022-04-05 11:35:59'),
(152, '2022-04-05 11:51:02', 1, 'R', '2022-04-05 11:51:03', '2022-04-05 11:51:03'),
(153, '2022-04-05 22:36:38', 1, 'R', '2022-04-05 22:36:39', '2022-04-05 22:36:39'),
(154, '2022-04-06 12:33:14', 1, 'R', '2022-04-06 12:33:15', '2022-04-06 12:33:15'),
(155, '2022-04-06 14:38:18', 7, 'R', '2022-04-06 14:38:19', '2022-04-06 14:38:19'),
(156, '2022-04-06 21:37:11', 1, 'R', '2022-04-06 21:37:12', '2022-04-06 21:37:12'),
(157, '2022-04-06 22:09:42', 1, 'R', '2022-04-06 22:09:43', '2022-04-06 22:09:43'),
(158, '2022-04-07 22:16:43', 1, 'R', '2022-04-07 22:16:44', '2022-04-07 22:16:44'),
(159, '2022-04-08 02:32:51', 1, 'P', '2022-04-08 02:32:52', '2022-04-08 02:32:52'),
(160, '2022-04-09 08:48:41', 7, 'R', '2022-04-09 08:48:42', '2022-04-09 08:48:42'),
(161, '2022-04-10 03:26:57', 1, 'P', '2022-04-10 03:26:58', '2022-04-10 03:26:58'),
(162, '2022-04-11 12:27:27', 8, 'R', '2022-04-11 12:27:28', '2022-04-11 12:27:28'),
(163, '2022-04-12 09:47:53', 8, 'R', '2022-04-12 09:47:54', '2022-04-12 09:47:54'),
(164, '2022-04-12 15:08:23', 1, 'R', '2022-04-12 15:08:24', '2022-04-12 15:08:24'),
(165, '2022-04-13 10:10:48', 8, 'R', '2022-04-13 10:10:49', '2022-04-13 10:10:49'),
(166, '2022-04-13 10:21:39', 7, 'R', '2022-04-13 10:21:40', '2022-04-13 10:21:40'),
(167, '2022-04-18 10:34:33', 1, 'R', '2022-04-18 10:34:34', '2022-04-18 10:34:34'),
(168, '2022-04-18 16:40:33', 1, 'R', '2022-04-18 16:40:34', '2022-04-18 16:40:34'),
(169, '2022-04-18 16:47:51', 1, 'R', '2022-04-18 16:47:52', '2022-04-18 16:47:52'),
(170, '2022-04-18 19:22:13', 1, 'R', '2022-04-18 19:22:14', '2022-04-18 19:22:14'),
(171, '2022-04-20 11:06:00', 1, 'R', '2022-04-20 11:06:01', '2022-04-20 11:06:01'),
(172, '2022-04-20 11:40:44', 1, 'R', '2022-04-20 11:40:45', '2022-04-20 11:40:45'),
(173, '2022-04-20 12:02:50', 1, 'R', '2022-04-20 12:02:51', '2022-04-20 12:02:51'),
(174, '2022-04-20 20:02:30', 1, 'R', '2022-04-20 20:02:31', '2022-04-20 20:02:31'),
(175, '2022-04-21 01:12:09', 1, 'P', '2022-04-21 01:12:10', '2022-04-21 01:12:10'),
(176, '2022-04-22 09:53:42', 1, 'R', '2022-04-22 09:53:43', '2022-04-22 09:53:43'),
(177, '2022-04-22 19:40:17', 1, 'R', '2022-04-22 19:40:18', '2022-04-22 19:40:18'),
(178, '2022-04-22 23:15:27', 1, 'R', '2022-04-22 23:15:28', '2022-04-22 23:15:28'),
(179, '2022-04-22 23:20:02', 1, 'R', '2022-04-22 23:20:03', '2022-04-22 23:20:03'),
(180, '2022-04-23 07:30:59', 1, 'P', '2022-04-23 07:31:00', '2022-04-23 07:31:00'),
(181, '2022-04-24 21:14:43', 1, 'R', '2022-04-24 21:14:44', '2022-04-24 21:14:44'),
(182, '2022-04-24 22:17:40', 1, 'R', '2022-04-24 22:17:41', '2022-04-24 22:17:41'),
(183, '2022-04-25 23:16:49', 7, 'R', '2022-04-25 23:16:50', '2022-04-25 23:16:50'),
(184, '2022-04-26 04:52:17', 7, 'P', '2022-04-26 04:52:17', '2022-04-26 04:52:17'),
(185, '2022-04-26 07:09:57', 1, 'P', '2022-04-26 07:09:58', '2022-04-26 07:09:58'),
(186, '2022-04-26 07:55:25', 1, 'P', '2022-04-26 07:55:26', '2022-04-26 07:55:26'),
(187, '2022-04-26 17:43:48', 8, 'R', '2022-04-26 17:43:49', '2022-04-26 17:43:49'),
(188, '2022-04-27 11:00:20', 8, 'R', '2022-04-27 11:00:21', '2022-04-27 11:00:21'),
(189, '2022-04-27 12:38:45', 1, 'R', '2022-04-27 12:38:46', '2022-04-27 12:38:46'),
(190, '2022-04-27 12:52:46', 1, 'R', '2022-04-27 12:52:47', '2022-04-27 12:52:47'),
(191, '2022-04-27 22:34:05', 1, 'R', '2022-04-27 22:34:06', '2022-04-27 22:34:06'),
(192, '2022-04-28 18:26:13', 1, 'R', '2022-04-28 18:26:14', '2022-04-28 18:26:14'),
(193, '2022-04-29 15:17:24', 1, 'R', '2022-04-29 15:17:25', '2022-04-29 15:17:25'),
(194, '2022-05-01 08:23:14', 1, 'P', '2022-05-01 08:23:15', '2022-05-01 08:23:15'),
(195, '2022-05-01 08:23:58', 1, 'P', '2022-05-01 08:23:59', '2022-05-01 08:23:59'),
(196, '2022-05-01 08:36:13', 1, 'R', '2022-05-01 08:36:14', '2022-05-01 08:36:14'),
(197, '2022-05-01 12:03:53', 7, 'R', '2022-05-01 12:03:54', '2022-05-01 12:03:54'),
(198, '2022-05-01 13:40:08', 8, 'R', '2022-05-01 13:40:09', '2022-05-01 13:40:09'),
(199, '2022-05-01 23:05:03', 1, 'R', '2022-05-01 23:05:04', '2022-05-01 23:05:04'),
(200, '2022-05-02 00:24:20', 1, 'P', '2022-05-02 00:24:21', '2022-05-02 00:24:21'),
(201, '2022-05-02 15:01:23', 7, 'R', '2022-05-02 15:01:24', '2022-05-02 15:01:24'),
(202, '2022-05-02 18:23:03', 1, 'R', '2022-05-02 18:23:04', '2022-05-02 18:23:04'),
(203, '2022-05-02 18:25:30', 1, 'R', '2022-05-02 18:25:31', '2022-05-02 18:25:31'),
(204, '2022-05-02 20:25:58', 1, 'R', '2022-05-02 20:25:59', '2022-05-02 20:25:59'),
(205, '2022-05-03 03:28:46', 7, 'P', '2022-05-03 03:28:47', '2022-05-03 03:28:47'),
(206, '2022-05-03 09:45:43', 1, 'R', '2022-05-03 09:45:44', '2022-05-03 09:45:44'),
(207, '2022-05-03 10:33:18', 8, 'R', '2022-05-03 10:33:19', '2022-05-03 10:33:19'),
(208, '2022-05-03 12:13:02', 1, 'R', '2022-05-03 12:13:03', '2022-05-03 12:13:03'),
(209, '2022-05-03 12:16:10', 1, 'R', '2022-05-03 12:16:10', '2022-05-03 12:16:10'),
(210, '2022-05-03 12:20:51', 7, 'R', '2022-05-03 12:20:52', '2022-05-03 12:20:52'),
(211, '2022-05-03 12:21:46', 7, 'R', '2022-05-03 12:21:46', '2022-05-03 12:21:46'),
(212, '2022-05-03 15:32:21', 1, 'R', '2022-05-03 15:32:22', '2022-05-03 15:32:22'),
(213, '2022-05-03 16:00:43', 1, 'R', '2022-05-03 16:00:44', '2022-05-03 16:00:44'),
(214, '2022-05-03 21:45:01', 1, 'R', '2022-05-03 21:45:02', '2022-05-03 21:45:02'),
(215, '2022-05-04 08:36:28', 1, 'R', '2022-05-04 08:36:29', '2022-05-04 08:36:29'),
(216, '2022-05-04 09:09:50', 1, 'R', '2022-05-04 09:09:52', '2022-05-04 09:09:52'),
(217, '2022-05-04 11:54:46', 8, 'R', '2022-05-04 11:54:47', '2022-05-04 11:54:47'),
(218, '2022-05-04 12:47:08', 7, 'R', '2022-05-04 12:47:09', '2022-05-04 12:47:09'),
(219, '2022-05-04 12:52:32', 10, 'R', '2022-05-04 12:52:33', '2022-05-04 12:52:33'),
(220, '2022-05-04 13:38:54', 7, 'R', '2022-05-04 13:38:55', '2022-05-04 13:38:55'),
(221, '2022-05-04 13:50:52', 7, 'R', '2022-05-04 13:50:53', '2022-05-04 13:50:53'),
(222, '2022-05-04 14:43:27', 1, 'R', '2022-05-04 14:43:28', '2022-05-04 14:43:28'),
(223, '2022-05-04 18:18:11', 1, 'R', '2022-05-04 18:18:12', '2022-05-04 18:18:12'),
(224, '2022-05-05 04:50:48', 7, 'P', '2022-05-05 04:50:49', '2022-05-05 04:50:49'),
(225, '2022-05-05 09:53:41', 7, 'R', '2022-05-05 09:53:42', '2022-05-05 09:53:42'),
(226, '2022-05-05 11:12:53', 1, 'R', '2022-05-05 11:12:54', '2022-05-05 11:12:54'),
(227, '2022-05-05 12:29:39', 1, 'R', '2022-05-05 12:29:39', '2022-05-05 12:29:39'),
(228, '2022-05-05 16:44:25', 7, 'R', '2022-05-05 16:44:26', '2022-05-05 16:44:26'),
(229, '2022-05-06 00:26:34', 1, 'P', '2022-05-06 00:26:35', '2022-05-06 00:26:35'),
(230, '2022-05-06 09:23:38', 7, 'R', '2022-05-06 09:23:39', '2022-05-06 09:23:39'),
(231, '2022-05-06 15:00:23', 7, 'R', '2022-05-06 15:00:24', '2022-05-06 15:00:24'),
(232, '2022-05-07 10:57:18', 1, 'R', '2022-05-07 10:57:19', '2022-05-07 10:57:19'),
(233, '2022-05-07 15:36:18', 1, 'R', '2022-05-07 15:36:19', '2022-05-07 15:36:19'),
(234, '2022-05-07 15:38:33', 1, 'R', '2022-05-07 15:38:34', '2022-05-07 15:38:34'),
(235, '2022-05-08 05:34:37', 7, 'P', '2022-05-08 05:34:38', '2022-05-08 05:34:38'),
(236, '2022-05-08 10:55:37', 10, 'R', '2022-05-08 10:55:38', '2022-05-08 10:55:38'),
(237, '2022-05-08 11:30:45', 1, 'R', '2022-05-08 11:30:46', '2022-05-08 11:30:46'),
(238, '2022-05-08 23:50:06', 1, 'R', '2022-05-08 23:50:07', '2022-05-08 23:50:07'),
(239, '2022-05-08 23:54:05', 1, 'R', '2022-05-08 23:54:06', '2022-05-08 23:54:06'),
(240, '2022-05-09 02:39:27', 1, 'P', '2022-05-09 02:39:28', '2022-05-09 02:39:28'),
(241, '2022-05-09 07:02:52', 7, 'P', '2022-05-09 07:02:53', '2022-05-09 07:02:53'),
(242, '2022-05-09 10:37:09', 1, 'R', '2022-05-09 10:37:10', '2022-05-09 10:37:10'),
(243, '2022-05-09 20:00:30', 1, 'R', '2022-05-09 20:00:31', '2022-05-09 20:00:31'),
(244, '2022-05-10 00:02:43', 1, 'P', '2022-05-10 00:02:44', '2022-05-10 00:02:44'),
(245, '2022-05-10 03:19:27', 1, 'P', '2022-05-10 03:19:28', '2022-05-10 03:19:28'),
(246, '2022-05-10 06:03:24', 7, 'P', '2022-05-10 06:03:25', '2022-05-10 06:03:25'),
(247, '2022-05-10 12:25:25', 1, 'R', '2022-05-10 12:25:26', '2022-05-10 12:25:26'),
(248, '2022-05-10 16:59:54', 8, 'R', '2022-05-10 16:59:55', '2022-05-10 16:59:55'),
(249, '2022-05-10 17:02:11', 8, 'R', '2022-05-10 17:02:12', '2022-05-10 17:02:12'),
(250, '2022-05-10 20:54:52', 1, 'R', '2022-05-10 20:54:53', '2022-05-10 20:54:53'),
(251, '2022-05-10 21:52:58', 7, 'R', '2022-05-10 21:52:59', '2022-05-10 21:52:59'),
(252, '2022-05-11 00:27:49', 1, 'P', '2022-05-11 00:27:50', '2022-05-11 00:27:50'),
(253, '2022-05-11 01:52:55', 1, 'P', '2022-05-11 01:52:56', '2022-05-11 01:52:56'),
(254, '2022-05-11 11:13:35', 8, 'R', '2022-05-11 11:13:36', '2022-05-11 11:13:36'),
(255, '2022-05-11 11:52:30', 7, 'R', '2022-05-11 11:52:30', '2022-05-11 11:52:30'),
(256, '2022-05-11 13:07:49', 1, 'R', '2022-05-11 13:07:50', '2022-05-11 13:07:50'),
(257, '2022-05-11 13:11:36', 7, 'R', '2022-05-11 13:11:37', '2022-05-11 13:11:37'),
(258, '2022-05-11 14:16:56', 1, 'R', '2022-05-11 14:16:56', '2022-05-11 14:16:56'),
(259, '2022-05-12 13:00:17', 1, 'R', '2022-05-12 13:00:18', '2022-05-12 13:00:18'),
(260, '2022-05-12 23:09:31', 1, 'R', '2022-05-12 23:09:32', '2022-05-12 23:09:32'),
(261, '2022-05-13 13:26:24', 1, 'R', '2022-05-13 13:26:25', '2022-05-13 13:26:25'),
(262, '2022-05-13 13:59:26', 1, 'R', '2022-05-13 13:59:27', '2022-05-13 13:59:27'),
(263, '2022-05-13 23:47:48', 1, 'R', '2022-05-13 23:47:49', '2022-05-13 23:47:49'),
(264, '2022-05-14 00:15:42', 1, 'P', '2022-05-14 00:15:43', '2022-05-14 00:15:43'),
(265, '2022-05-14 00:21:34', 1, 'P', '2022-05-14 00:21:34', '2022-05-14 00:21:34'),
(266, '2022-05-14 00:24:00', 1, 'P', '2022-05-14 00:24:00', '2022-05-14 00:24:00'),
(267, '2022-05-14 01:37:15', 1, 'P', '2022-05-14 01:37:16', '2022-05-14 01:37:16'),
(268, '2022-05-14 02:06:03', 1, 'P', '2022-05-14 02:06:04', '2022-05-14 02:06:04'),
(269, '2022-05-14 02:17:39', 1, 'P', '2022-05-14 02:17:40', '2022-05-14 02:17:40'),
(270, '2022-05-14 18:27:52', 1, 'R', '2022-05-14 18:27:53', '2022-05-14 18:27:53'),
(271, '2022-05-15 12:10:06', 8, 'R', '2022-05-15 12:10:07', '2022-05-15 12:10:07'),
(272, '2022-05-15 15:21:50', 8, 'R', '2022-05-15 15:21:51', '2022-05-15 15:21:51'),
(273, '2022-05-15 16:29:40', 7, 'R', '2022-05-15 16:29:41', '2022-05-15 16:29:41'),
(274, '2022-05-15 17:08:21', 7, 'R', '2022-05-15 17:08:22', '2022-05-15 17:08:22'),
(275, '2022-05-15 17:41:30', 7, 'R', '2022-05-15 17:41:32', '2022-05-15 17:41:32'),
(276, '2022-05-15 19:24:54', 1, 'R', '2022-05-15 19:24:55', '2022-05-15 19:24:55'),
(277, '2022-05-16 03:05:10', 7, 'P', '2022-05-16 03:05:11', '2022-05-16 03:05:11'),
(278, '2022-05-16 04:17:13', 1, 'P', '2022-05-16 04:17:14', '2022-05-16 04:17:14'),
(279, '2022-05-16 04:55:18', 1, 'P', '2022-05-16 04:55:19', '2022-05-16 04:55:19'),
(280, '2022-05-16 07:05:09', 8, 'P', '2022-05-16 07:05:10', '2022-05-16 07:05:10'),
(281, '2022-05-16 14:00:51', 1, 'R', '2022-05-16 14:00:52', '2022-05-16 14:00:52'),
(282, '2022-05-16 14:02:31', 1, 'R', '2022-05-16 14:02:32', '2022-05-16 14:02:32'),
(283, '2022-05-17 09:42:36', 7, 'R', '2022-05-17 09:42:37', '2022-05-17 09:42:37'),
(284, '2022-05-17 10:55:38', 1, 'R', '2022-05-17 10:55:39', '2022-05-17 10:55:39'),
(285, '2022-05-17 10:56:17', 1, 'R', '2022-05-17 10:56:18', '2022-05-17 10:56:18'),
(286, '2022-05-17 11:00:49', 1, 'R', '2022-05-17 11:01:33', '2022-05-17 11:01:33'),
(287, '2022-05-17 11:01:33', 1, 'R', '2022-05-17 11:01:33', '2022-05-17 11:01:33'),
(288, '2022-05-17 13:07:01', 7, 'R', '2022-05-17 13:07:02', '2022-05-17 13:07:02'),
(289, '2022-05-17 19:10:00', 9, 'R', '2022-05-17 19:10:01', '2022-05-17 19:10:01'),
(290, '2022-05-17 19:37:49', 7, 'R', '2022-05-17 19:37:50', '2022-05-17 19:37:50'),
(291, '2022-05-17 19:37:50', 7, 'R', '2022-05-17 19:37:50', '2022-05-17 19:37:50'),
(292, '2022-05-18 10:57:11', 8, 'R', '2022-05-18 10:57:12', '2022-05-18 10:57:12'),
(293, '2022-05-18 17:24:29', 1, 'R', '2022-05-18 17:24:31', '2022-05-18 17:24:31'),
(294, '2022-05-19 07:35:11', 7, 'P', '2022-05-19 07:35:12', '2022-05-19 07:35:12'),
(295, '2022-05-19 08:26:16', 8, 'P', '2022-05-19 08:26:18', '2022-05-19 08:26:18'),
(296, '2022-05-19 18:56:04', 9, 'R', '2022-05-19 18:56:05', '2022-05-19 18:56:05'),
(297, '2022-05-20 07:15:11', 8, 'P', '2022-05-20 07:15:12', '2022-05-20 07:15:12'),
(298, '2022-05-20 08:46:26', 1, 'R', '2022-05-20 08:46:27', '2022-05-20 08:46:27'),
(299, '2022-05-20 09:11:55', 1, 'R', '2022-05-20 09:11:56', '2022-05-20 09:11:56'),
(300, '2022-05-20 09:12:21', 1, 'R', '2022-05-20 09:12:22', '2022-05-20 09:12:22'),
(301, '2022-05-20 10:00:30', 8, 'R', '2022-05-20 10:00:31', '2022-05-20 10:00:31'),
(302, '2022-05-20 10:06:55', 8, 'R', '2022-05-20 10:06:56', '2022-05-20 10:06:56'),
(303, '2022-05-20 10:10:44', 8, 'R', '2022-05-20 10:10:46', '2022-05-20 10:10:46'),
(304, '2022-05-20 14:55:02', 8, 'R', '2022-05-20 14:55:03', '2022-05-20 14:55:03'),
(305, '2022-05-20 16:00:40', 8, 'R', '2022-05-20 16:00:41', '2022-05-20 16:00:41'),
(306, '2022-05-20 18:15:51', 1, 'R', '2022-05-20 18:15:52', '2022-05-20 18:15:52'),
(307, '2022-05-21 21:36:47', 1, 'R', '2022-05-21 21:36:48', '2022-05-21 21:36:48'),
(308, '2022-05-21 21:42:31', 1, 'R', '2022-05-21 21:42:32', '2022-05-21 21:42:32'),
(309, '2022-05-22 14:41:27', 1, 'R', '2022-05-22 14:41:29', '2022-05-22 14:41:29'),
(310, '2022-05-22 14:41:35', 1, 'R', '2022-05-22 14:41:35', '2022-05-22 14:41:35'),
(311, '2022-05-22 17:30:08', 8, 'R', '2022-05-22 17:30:09', '2022-05-22 17:30:09'),
(312, '2022-05-23 06:13:28', 1, 'P', '2022-05-23 06:13:29', '2022-05-23 06:13:29'),
(313, '2022-05-23 08:02:06', 8, 'P', '2022-05-23 08:02:07', '2022-05-23 08:02:07'),
(314, '2022-05-23 10:42:53', 8, 'R', '2022-05-23 10:42:54', '2022-05-23 10:42:54'),
(315, '2022-05-23 11:10:07', 7, 'R', '2022-05-23 11:10:08', '2022-05-23 11:10:08'),
(316, '2022-05-23 11:30:59', 8, 'R', '2022-05-23 11:31:00', '2022-05-23 11:31:00'),
(317, '2022-05-24 00:57:38', 1, 'P', '2022-05-24 00:57:39', '2022-05-24 00:57:39'),
(318, '2022-05-24 01:01:41', 1, 'P', '2022-05-24 01:01:42', '2022-05-24 01:01:42'),
(319, '2022-05-24 23:49:30', 1, 'R', '2022-05-24 23:49:31', '2022-05-24 23:49:31'),
(320, '2022-05-25 04:07:57', 1, 'P', '2022-05-25 04:07:58', '2022-05-25 04:07:58'),
(321, '2022-05-25 04:31:56', 1, 'P', '2022-05-25 04:31:57', '2022-05-25 04:31:57'),
(322, '2022-05-25 04:47:08', 1, 'P', '2022-05-25 04:47:09', '2022-05-25 04:47:09'),
(323, '2022-05-25 16:04:10', 1, 'R', '2022-05-25 16:04:11', '2022-05-25 16:04:11'),
(324, '2022-05-26 04:03:09', 1, 'P', '2022-05-26 04:03:10', '2022-05-26 04:03:10'),
(325, '2022-05-26 19:03:52', 1, 'R', '2022-05-26 19:03:53', '2022-05-26 19:03:53'),
(326, '2022-05-27 16:44:36', 1, 'R', '2022-05-27 16:44:37', '2022-05-27 16:44:37'),
(327, '2022-05-29 15:28:24', 8, 'R', '2022-05-29 15:28:25', '2022-05-29 15:28:25'),
(328, '2022-05-30 12:35:54', 1, 'R', '2022-05-30 12:35:55', '2022-05-30 12:35:55'),
(329, '2022-05-30 12:59:39', 1, 'R', '2022-05-30 12:59:40', '2022-05-30 12:59:40'),
(330, '2022-05-30 13:06:18', 7, 'R', '2022-05-30 13:06:19', '2022-05-30 13:06:19'),
(331, '2022-06-01 08:26:34', 8, 'P', '2022-06-01 08:26:35', '2022-06-01 08:26:35'),
(332, '2022-06-01 10:52:47', 8, 'R', '2022-06-01 10:52:48', '2022-06-01 10:52:48'),
(333, '2022-06-02 21:32:22', 8, 'R', '2022-06-02 21:32:23', '2022-06-02 21:32:23'),
(334, '2022-06-06 09:09:58', 7, 'R', '2022-06-06 09:09:59', '2022-06-06 09:09:59'),
(335, '2022-06-08 19:35:53', 8, 'R', '2022-06-08 19:35:54', '2022-06-08 19:35:54'),
(336, '2022-06-10 15:01:14', 1, 'R', '2022-06-10 15:01:15', '2022-06-10 15:01:15'),
(337, '2022-06-11 02:16:11', 1, 'P', '2022-06-11 02:16:12', '2022-06-11 02:16:12'),
(338, '2022-06-12 14:12:24', 8, 'R', '2022-06-12 14:12:25', '2022-06-12 14:12:25'),
(339, '2022-06-13 01:23:44', 1, 'P', '2022-06-13 01:23:45', '2022-06-13 01:23:45'),
(340, '2022-06-13 10:04:35', 8, 'R', '2022-06-13 10:04:36', '2022-06-13 10:04:36'),
(341, '2022-06-13 23:36:10', 1, 'R', '2022-06-13 23:36:11', '2022-06-13 23:36:11'),
(342, '2022-06-15 01:55:03', 1, 'P', '2022-06-15 01:55:04', '2022-06-15 01:55:04'),
(343, '2022-06-16 21:24:04', 1, 'R', '2022-06-16 21:24:05', '2022-06-16 21:24:05'),
(344, '2022-06-17 01:50:22', 1, 'P', '2022-06-17 01:50:23', '2022-06-17 01:50:23'),
(345, '2022-06-17 03:43:08', 1, 'P', '2022-06-17 03:43:09', '2022-06-17 03:43:09'),
(346, '2022-06-17 03:53:54', 1, 'P', '2022-06-17 03:53:55', '2022-06-17 03:53:55'),
(347, '2022-06-17 18:07:24', 1, 'R', '2022-06-17 18:07:25', '2022-06-17 18:07:25'),
(348, '2022-06-17 20:30:23', 8, 'R', '2022-06-17 20:30:24', '2022-06-17 20:30:24'),
(349, '2022-06-18 18:45:54', 1, 'R', '2022-06-18 18:45:55', '2022-06-18 18:45:55'),
(350, '2022-06-19 18:03:10', 1, 'R', '2022-06-19 18:03:11', '2022-06-19 18:03:11'),
(351, '2022-06-20 07:05:18', 7, 'P', '2022-06-20 07:05:19', '2022-06-20 07:05:19'),
(352, '2022-06-20 07:09:24', 8, 'P', '2022-06-20 07:09:25', '2022-06-20 07:09:25'),
(353, '2022-06-20 18:02:38', 8, 'R', '2022-06-20 18:02:39', '2022-06-20 18:02:39'),
(354, '2022-06-20 18:13:13', 1, 'R', '2022-06-20 18:13:14', '2022-06-20 18:13:14'),
(355, '2022-06-20 18:24:44', 8, 'R', '2022-06-20 18:24:45', '2022-06-20 18:24:45'),
(356, '2022-06-20 23:01:34', 1, 'R', '2022-06-20 23:01:35', '2022-06-20 23:01:35'),
(357, '2022-06-21 06:40:25', 7, 'P', '2022-06-21 06:40:26', '2022-06-21 06:40:26'),
(358, '2022-06-21 08:01:44', 1, 'P', '2022-06-21 08:01:45', '2022-06-21 08:01:45'),
(359, '2022-06-21 08:04:12', 1, 'P', '2022-06-21 08:04:13', '2022-06-21 08:04:13'),
(360, '2022-06-21 08:06:25', 7, 'P', '2022-06-21 08:06:26', '2022-06-21 08:06:26'),
(361, '2022-06-21 09:26:39', 7, 'R', '2022-06-21 09:26:40', '2022-06-21 09:26:40'),
(362, '2022-06-21 18:24:58', 7, 'R', '2022-06-21 18:24:59', '2022-06-21 18:24:59'),
(363, '2022-06-22 07:24:13', 8, 'P', '2022-06-22 07:24:14', '2022-06-22 07:24:14'),
(364, '2022-06-22 09:03:55', 1, 'R', '2022-06-22 09:03:56', '2022-06-22 09:03:56'),
(365, '2022-06-22 10:15:30', 8, 'R', '2022-06-22 10:15:31', '2022-06-22 10:15:31'),
(366, '2022-06-22 12:17:57', 7, 'R', '2022-06-22 12:17:58', '2022-06-22 12:17:58'),
(367, '2022-06-22 14:52:55', 1, 'R', '2022-06-22 14:52:56', '2022-06-22 14:52:56'),
(368, '2022-06-22 23:10:43', 1, 'R', '2022-06-22 23:10:44', '2022-06-22 23:10:44'),
(369, '2022-06-23 16:42:08', 1, 'R', '2022-06-23 16:42:09', '2022-06-23 16:42:09'),
(370, '2022-06-26 06:14:58', 7, 'P', '2022-06-26 06:14:59', '2022-06-26 06:14:59'),
(371, '2022-06-26 09:39:19', 7, 'R', '2022-06-26 09:39:20', '2022-06-26 09:39:20'),
(372, '2022-06-26 20:30:16', 8, 'R', '2022-06-26 20:30:17', '2022-06-26 20:30:17'),
(373, '2022-06-27 05:30:16', 1, 'P', '2022-06-27 05:30:17', '2022-06-27 05:30:17'),
(374, '2022-06-27 10:37:27', 8, 'R', '2022-06-27 10:37:28', '2022-06-27 10:37:28'),
(375, '2022-06-28 13:12:56', 1, 'R', '2022-06-28 13:12:57', '2022-06-28 13:12:57'),
(376, '2022-06-28 13:22:14', 1, 'R', '2022-06-28 13:22:15', '2022-06-28 13:22:15'),
(377, '2022-06-28 13:49:10', 7, 'R', '2022-06-28 13:49:11', '2022-06-28 13:49:11'),
(378, '2022-06-28 15:02:35', 7, 'R', '2022-06-28 15:02:36', '2022-06-28 15:02:36'),
(379, '2022-06-28 15:36:46', 1, 'R', '2022-06-28 15:36:47', '2022-06-28 15:36:47'),
(380, '2022-06-28 15:57:12', 7, 'R', '2022-06-28 15:57:13', '2022-06-28 15:57:13'),
(381, '2022-06-28 16:59:42', 1, 'R', '2022-06-28 16:59:42', '2022-06-28 16:59:42'),
(382, '2022-06-28 22:15:28', 7, 'R', '2022-06-28 22:15:29', '2022-06-28 22:15:29'),
(383, '2022-06-28 23:27:10', 1, 'R', '2022-06-28 23:27:11', '2022-06-28 23:27:11'),
(384, '2022-06-29 00:53:28', 1, 'P', '2022-06-29 00:53:29', '2022-06-29 00:53:29'),
(385, '2022-06-29 02:07:24', 1, 'P', '2022-06-29 02:07:25', '2022-06-29 02:07:25'),
(386, '2022-06-29 02:18:35', 1, 'P', '2022-06-29 02:18:36', '2022-06-29 02:18:36'),
(387, '2022-06-29 08:27:15', 7, 'P', '2022-06-29 08:27:16', '2022-06-29 08:27:16'),
(388, '2022-06-29 12:16:47', 7, 'R', '2022-06-29 12:16:48', '2022-06-29 12:16:48'),
(389, '2022-06-29 12:23:21', 1, 'R', '2022-06-29 12:23:22', '2022-06-29 12:23:22'),
(390, '2022-06-29 12:28:45', 7, 'R', '2022-06-29 12:28:46', '2022-06-29 12:28:46'),
(391, '2022-06-29 22:48:51', 1, 'R', '2022-06-29 22:48:52', '2022-06-29 22:48:52'),
(392, '2022-06-29 23:31:58', 1, 'R', '2022-06-29 23:31:59', '2022-06-29 23:31:59'),
(393, '2022-06-30 00:05:07', 1, 'P', '2022-06-30 00:05:08', '2022-06-30 00:05:08'),
(394, '2022-06-30 01:28:02', 1, 'P', '2022-06-30 01:28:03', '2022-06-30 01:28:03'),
(395, '2022-07-01 14:59:15', 1, 'R', '2022-07-01 14:59:16', '2022-07-01 14:59:16'),
(396, '2022-07-05 16:39:03', 1, 'R', '2022-07-05 16:39:04', '2022-07-05 16:39:04'),
(397, '2022-07-05 18:02:12', 1, 'R', '2022-07-05 18:02:13', '2022-07-05 18:02:13'),
(398, '2022-07-06 08:08:35', 7, 'P', '2022-07-06 08:08:36', '2022-07-06 08:08:36'),
(399, '2022-07-06 08:09:37', 8, 'P', '2022-07-06 08:09:38', '2022-07-06 08:09:38'),
(400, '2022-07-06 08:17:16', 7, 'P', '2022-07-06 08:17:17', '2022-07-06 08:17:17'),
(401, '2022-07-06 08:31:38', 7, 'R', '2022-07-06 08:31:39', '2022-07-06 08:31:39'),
(402, '2022-07-06 16:04:24', 8, 'R', '2022-07-06 16:04:25', '2022-07-06 16:04:25'),
(403, '2022-07-06 17:03:31', 7, 'R', '2022-07-06 17:03:32', '2022-07-06 17:03:32'),
(404, '2022-07-06 23:10:50', 1, 'R', '2022-07-06 23:10:51', '2022-07-06 23:10:51'),
(405, '2022-07-07 02:01:15', 1, 'P', '2022-07-07 02:01:16', '2022-07-07 02:01:16'),
(406, '2022-07-07 02:01:46', 1, 'P', '2022-07-07 02:01:47', '2022-07-07 02:01:47'),
(407, '2022-07-07 02:25:31', 1, 'P', '2022-07-07 02:25:32', '2022-07-07 02:25:32'),
(408, '2022-07-07 02:47:08', 1, 'P', '2022-07-07 02:47:13', '2022-07-07 02:47:13'),
(409, '2022-07-07 04:02:41', 7, 'P', '2022-07-07 04:02:42', '2022-07-07 04:02:42'),
(410, '2022-07-07 04:42:17', 7, 'P', '2022-07-07 04:42:18', '2022-07-07 04:42:18'),
(411, '2022-07-07 14:54:08', 1, 'R', '2022-07-07 14:54:10', '2022-07-07 14:54:10'),
(412, '2022-07-07 15:00:54', 1, 'R', '2022-07-07 15:00:55', '2022-07-07 15:00:55'),
(413, '2022-07-07 15:29:26', 7, 'R', '2022-07-07 15:29:27', '2022-07-07 15:29:27'),
(414, '2022-07-07 18:50:48', 8, 'R', '2022-07-07 18:50:49', '2022-07-07 18:50:49'),
(415, '2022-07-08 00:10:18', 1, 'P', '2022-07-08 00:10:19', '2022-07-08 00:10:19'),
(416, '2022-07-08 11:45:34', 7, 'R', '2022-07-08 11:45:35', '2022-07-08 11:45:35'),
(417, '2022-07-08 12:03:34', 8, 'R', '2022-07-08 12:03:35', '2022-07-08 12:03:35'),
(418, '2022-07-08 17:24:51', 1, 'R', '2022-07-08 17:24:52', '2022-07-08 17:24:52'),
(419, '2022-07-12 17:03:54', 1, 'R', '2022-07-12 17:03:55', '2022-07-12 17:03:55'),
(420, '2022-07-13 14:23:58', 1, 'R', '2022-07-13 14:23:59', '2022-07-13 14:23:59'),
(421, '2022-07-14 03:09:42', 7, 'P', '2022-07-14 03:09:43', '2022-07-14 03:09:43'),
(422, '2022-07-14 09:27:15', 1, 'R', '2022-07-14 09:27:16', '2022-07-14 09:27:16'),
(423, '2022-07-14 15:10:31', 7, 'R', '2022-07-14 15:10:32', '2022-07-14 15:10:32'),
(424, '2022-07-14 18:47:12', 1, 'R', '2022-07-14 18:47:13', '2022-07-14 18:47:13'),
(425, '2022-07-14 19:18:04', 1, 'R', '2022-07-14 19:18:05', '2022-07-14 19:18:05'),
(426, '2022-07-14 23:08:42', 7, 'R', '2022-07-14 23:08:43', '2022-07-14 23:08:43'),
(427, '2022-07-15 08:39:05', 8, 'R', '2022-07-15 08:39:06', '2022-07-15 08:39:06'),
(428, '2022-07-15 09:24:17', 8, 'R', '2022-07-15 09:24:18', '2022-07-15 09:24:18'),
(429, '2022-07-15 09:29:31', 1, 'R', '2022-07-15 09:29:32', '2022-07-15 09:29:32'),
(430, '2022-07-15 09:47:15', 7, 'R', '2022-07-15 09:47:16', '2022-07-15 09:47:16'),
(431, '2022-07-15 10:44:39', 7, 'R', '2022-07-15 10:44:40', '2022-07-15 10:44:40'),
(432, '2022-07-15 12:22:21', 7, 'R', '2022-07-15 12:22:22', '2022-07-15 12:22:22'),
(433, '2022-07-15 12:36:37', 1, 'R', '2022-07-15 12:36:38', '2022-07-15 12:36:38'),
(434, '2022-07-15 13:42:12', 7, 'R', '2022-07-15 13:42:13', '2022-07-15 13:42:13'),
(435, '2022-07-19 05:27:14', 8, 'P', '2022-07-19 05:27:15', '2022-07-19 05:27:15'),
(436, '2022-07-21 01:34:28', 1, 'P', '2022-07-21 01:34:29', '2022-07-21 01:34:29'),
(437, '2022-07-21 14:10:16', 7, 'R', '2022-07-21 14:10:17', '2022-07-21 14:10:17'),
(438, '2022-07-22 18:04:41', 8, 'R', '2022-07-22 18:04:42', '2022-07-22 18:04:42'),
(439, '2022-07-25 00:04:57', 1, 'P', '2022-07-25 00:04:58', '2022-07-25 00:04:58'),
(440, '2022-07-25 13:42:07', 8, 'R', '2022-07-25 13:42:07', '2022-07-25 13:42:07'),
(441, '2022-07-26 06:26:16', 7, 'P', '2022-07-26 06:26:17', '2022-07-26 06:26:17'),
(442, '2022-07-27 02:49:21', 1, 'P', '2022-07-27 02:49:22', '2022-07-27 02:49:22'),
(443, '2022-07-28 14:39:34', 1, 'R', '2022-07-28 14:39:35', '2022-07-28 14:39:35'),
(444, '2022-07-29 13:24:26', 1, 'R', '2022-07-29 13:24:26', '2022-07-29 13:24:26'),
(445, '2022-07-29 14:20:59', 1, 'R', '2022-07-29 14:21:00', '2022-07-29 14:21:00'),
(446, '2022-07-31 11:46:03', 8, 'R', '2022-07-31 11:46:04', '2022-07-31 11:46:04'),
(447, '2022-07-31 13:43:00', 8, 'R', '2022-07-31 13:43:01', '2022-07-31 13:43:01'),
(448, '2022-08-01 07:43:17', 8, 'P', '2022-08-01 07:43:18', '2022-08-01 07:43:18'),
(449, '2022-08-01 08:18:26', 8, 'P', '2022-08-01 08:18:27', '2022-08-01 08:18:27'),
(450, '2022-08-01 09:51:32', 8, 'R', '2022-08-01 09:51:33', '2022-08-01 09:51:33'),
(451, '2022-08-03 08:26:37', 8, 'P', '2022-08-03 08:26:38', '2022-08-03 08:26:38'),
(452, '2022-08-03 09:02:00', 8, 'R', '2022-08-03 09:02:01', '2022-08-03 09:02:01'),
(453, '2022-08-03 09:09:07', 8, 'R', '2022-08-03 09:09:08', '2022-08-03 09:09:08'),
(454, '2022-08-03 10:19:01', 1, 'R', '2022-08-03 10:19:02', '2022-08-03 10:19:02'),
(455, '2022-08-05 09:15:18', 1, 'R', '2022-08-05 09:15:19', '2022-08-05 09:15:19'),
(456, '2022-08-05 10:47:38', 1, 'R', '2022-08-05 10:47:39', '2022-08-05 10:47:39'),
(457, '2022-08-05 11:26:07', 1, 'R', '2022-08-05 11:26:08', '2022-08-05 11:26:08'),
(458, '2022-08-06 10:19:57', 1, 'R', '2022-08-06 10:19:58', '2022-08-06 10:19:58'),
(459, '2022-08-06 10:24:46', 1, 'R', '2022-08-06 10:24:47', '2022-08-06 10:24:47'),
(460, '2022-08-06 10:56:31', 1, 'R', '2022-08-06 10:56:32', '2022-08-06 10:56:32'),
(461, '2022-08-06 11:06:59', 1, 'R', '2022-08-06 11:07:00', '2022-08-06 11:07:00'),
(462, '2022-08-08 07:18:43', 8, 'P', '2022-08-08 07:18:44', '2022-08-08 07:18:44'),
(463, '2022-08-08 07:32:18', 8, 'P', '2022-08-08 07:32:19', '2022-08-08 07:32:19'),
(464, '2022-08-09 07:25:12', 8, 'P', '2022-08-09 07:25:13', '2022-08-09 07:25:13'),
(465, '2022-08-09 07:45:09', 8, 'P', '2022-08-09 07:45:10', '2022-08-09 07:45:10'),
(466, '2022-08-09 07:55:01', 8, 'P', '2022-08-09 07:55:02', '2022-08-09 07:55:02'),
(467, '2022-08-09 10:18:44', 8, 'R', '2022-08-09 10:18:45', '2022-08-09 10:18:45'),
(468, '2022-08-10 06:54:58', 8, 'P', '2022-08-10 06:54:59', '2022-08-10 06:54:59'),
(469, '2022-08-10 07:27:54', 8, 'P', '2022-08-10 07:27:55', '2022-08-10 07:27:55'),
(470, '2022-08-10 13:41:13', 7, 'R', '2022-08-10 13:41:14', '2022-08-10 13:41:14'),
(471, '2022-08-11 21:51:29', 7, 'R', '2022-08-11 21:51:30', '2022-08-11 21:51:30'),
(472, '2022-08-12 07:35:02', 8, 'P', '2022-08-12 07:35:03', '2022-08-12 07:35:03'),
(473, '2022-08-12 20:16:48', 7, 'R', '2022-08-12 20:16:49', '2022-08-12 20:16:49'),
(474, '2022-08-15 07:45:59', 7, 'P', '2022-08-15 07:46:00', '2022-08-15 07:46:00'),
(475, '2022-08-15 08:04:21', 8, 'P', '2022-08-15 08:04:22', '2022-08-15 08:04:22'),
(476, '2022-08-15 08:49:44', 8, 'R', '2022-08-15 08:49:45', '2022-08-15 08:49:45'),
(477, '2022-08-16 07:45:58', 7, 'P', '2022-08-16 07:45:59', '2022-08-16 07:45:59'),
(478, '2022-08-17 07:43:03', 7, 'P', '2022-08-17 07:43:04', '2022-08-17 07:43:04'),
(479, '2022-08-17 07:56:35', 8, 'P', '2022-08-17 07:56:36', '2022-08-17 07:56:36'),
(480, '2022-08-17 08:15:47', 8, 'P', '2022-08-17 08:15:48', '2022-08-17 08:15:48'),
(481, '2022-08-17 08:57:37', 7, 'R', '2022-08-17 08:57:38', '2022-08-17 08:57:38'),
(482, '2022-08-17 11:46:23', 1, 'R', '2022-08-17 11:46:24', '2022-08-17 11:46:24'),
(483, '2022-08-17 12:24:17', 7, 'R', '2022-08-17 12:24:18', '2022-08-17 12:24:18'),
(484, '2022-08-17 13:57:30', 7, 'R', '2022-08-17 13:57:31', '2022-08-17 13:57:31'),
(485, '2022-08-17 20:46:51', 8, 'R', '2022-08-17 20:46:52', '2022-08-17 20:46:52'),
(486, '2022-08-17 21:11:32', 8, 'R', '2022-08-17 21:11:33', '2022-08-17 21:11:33'),
(487, '2022-08-18 13:15:27', 7, 'R', '2022-08-18 13:15:30', '2022-08-18 13:15:30'),
(488, '2022-08-19 07:29:18', 8, 'P', '2022-08-19 07:29:19', '2022-08-19 07:29:19'),
(489, '2022-08-19 07:52:15', 8, 'P', '2022-08-19 07:52:16', '2022-08-19 07:52:16'),
(490, '2022-08-19 08:05:11', 8, 'P', '2022-08-19 08:05:12', '2022-08-19 08:05:12'),
(491, '2022-08-19 14:36:41', 7, 'R', '2022-08-19 14:36:42', '2022-08-19 14:36:42'),
(492, '2022-08-19 22:18:56', 8, 'R', '2022-08-19 22:18:57', '2022-08-19 22:18:57'),
(493, '2022-08-20 08:14:27', 7, 'P', '2022-08-20 08:14:28', '2022-08-20 08:14:28'),
(494, '2022-08-21 16:44:03', 8, 'R', '2022-08-21 16:44:04', '2022-08-21 16:44:04'),
(495, '2022-08-24 07:18:17', 7, 'P', '2022-08-24 07:18:18', '2022-08-24 07:18:18'),
(496, '2022-08-24 12:23:55', 7, 'R', '2022-08-24 12:23:56', '2022-08-24 12:23:56'),
(497, '2022-08-28 14:10:15', 7, 'R', '2022-08-28 14:10:16', '2022-08-28 14:10:16'),
(498, '2022-08-29 07:53:49', 8, 'P', '2022-08-29 07:53:50', '2022-08-29 07:53:50'),
(499, '2022-08-29 08:39:33', 8, 'R', '2022-08-29 08:39:34', '2022-08-29 08:39:34'),
(500, '2022-08-29 08:50:53', 8, 'R', '2022-08-29 08:50:53', '2022-08-29 08:50:53'),
(501, '2022-09-01 09:29:13', 1, 'R', '2022-09-01 09:29:14', '2022-09-01 09:29:14'),
(502, '2022-09-07 17:18:50', 7, 'R', '2022-09-07 17:18:51', '2022-09-07 17:18:51'),
(503, '2022-09-08 04:54:45', 7, 'P', '2022-09-08 04:54:46', '2022-09-08 04:54:46'),
(504, '2022-09-08 13:58:28', 7, 'R', '2022-09-08 13:58:29', '2022-09-08 13:58:29'),
(505, '2022-09-08 14:29:18', 7, 'R', '2022-09-08 14:29:19', '2022-09-08 14:29:19'),
(506, '2022-09-08 14:31:59', 7, 'R', '2022-09-08 14:32:00', '2022-09-08 14:32:00'),
(507, '2022-09-08 15:29:13', 7, 'R', '2022-09-08 15:29:14', '2022-09-08 15:29:14'),
(508, '2022-09-08 16:16:38', 7, 'R', '2022-09-08 16:16:39', '2022-09-08 16:16:39'),
(509, '2022-09-08 16:18:10', 7, 'R', '2022-09-08 16:18:10', '2022-09-08 16:18:10'),
(510, '2022-09-08 17:12:41', 7, 'R', '2022-09-08 17:12:42', '2022-09-08 17:12:42'),
(511, '2022-09-09 03:29:23', 7, 'P', '2022-09-09 03:29:24', '2022-09-09 03:29:24'),
(512, '2022-09-09 14:18:34', 1, 'R', '2022-09-09 14:18:35', '2022-09-09 14:18:35'),
(513, '2022-09-10 12:52:30', 1, 'R', '2022-09-10 12:52:31', '2022-09-10 12:52:31'),
(514, '2022-09-14 14:35:08', 7, 'R', '2022-09-14 14:35:09', '2022-09-14 14:35:09'),
(515, '2022-09-14 22:50:23', 1, 'R', '2022-09-14 22:50:24', '2022-09-14 22:50:24'),
(516, '2022-09-15 00:03:56', 7, 'P', '2022-09-15 00:03:57', '2022-09-15 00:03:57'),
(517, '2022-09-15 01:23:16', 7, 'P', '2022-09-15 01:23:17', '2022-09-15 01:23:17'),
(518, '2022-09-15 04:22:07', 7, 'P', '2022-09-15 04:22:08', '2022-09-15 04:22:08'),
(519, '2022-09-19 08:44:30', 1, 'R', '2022-09-19 08:44:31', '2022-09-19 08:44:31'),
(520, '2022-09-20 07:45:42', 1, 'P', '2022-09-20 07:45:43', '2022-09-20 07:45:43'),
(521, '2022-09-20 07:46:39', 1, 'P', '2022-09-20 07:46:40', '2022-09-20 07:46:40'),
(522, '2022-09-20 07:57:36', 1, 'P', '2022-09-20 07:57:37', '2022-09-20 07:57:37'),
(523, '2022-09-21 13:53:21', 1, 'R', '2022-09-21 13:53:22', '2022-09-21 13:53:22'),
(524, '2022-09-22 14:26:52', 1, 'R', '2022-09-22 14:26:53', '2022-09-22 14:26:53'),
(525, '2022-09-24 11:50:04', 1, 'R', '2022-09-24 11:50:05', '2022-09-24 11:50:05'),
(526, '2022-09-24 11:55:49', 1, 'R', '2022-09-24 11:55:50', '2022-09-24 11:55:50'),
(527, '2022-09-27 09:06:39', 1, 'R', '2022-09-27 09:06:40', '2022-09-27 09:06:40'),
(528, '2022-10-03 08:58:08', 1, 'R', '2022-10-03 08:58:09', '2022-10-03 08:58:09'),
(529, '2022-10-12 07:15:46', 8, 'P', '2022-10-12 07:15:47', '2022-10-12 07:15:47'),
(530, '2022-10-12 07:46:01', 8, 'P', '2022-10-12 07:46:02', '2022-10-12 07:46:02'),
(531, '2022-10-12 08:27:25', 8, 'P', '2022-10-12 08:27:26', '2022-10-12 08:27:26'),
(532, '2022-10-15 14:58:43', 1, 'R', '2022-10-15 14:58:44', '2022-10-15 14:58:44'),
(533, '2022-10-17 14:16:57', 7, 'R', '2022-10-17 14:16:58', '2022-10-17 14:16:58'),
(534, '2022-10-18 09:46:12', 1, 'R', '2022-10-18 09:46:13', '2022-10-18 09:46:13'),
(535, '2022-10-19 11:03:30', 1, 'R', '2022-10-19 11:03:31', '2022-10-19 11:03:31'),
(536, '2022-10-19 11:24:33', 1, 'R', '2022-10-19 11:24:34', '2022-10-19 11:24:34'),
(537, '2022-10-19 11:56:55', 9, 'R', '2022-10-19 11:56:56', '2022-10-19 11:56:56'),
(538, '2022-10-22 20:00:14', 1, 'R', '2022-10-22 20:00:15', '2022-10-22 20:00:15'),
(539, '2022-10-28 08:13:19', 8, 'P', '2022-10-28 08:13:20', '2022-10-28 08:13:20'),
(540, '2022-10-29 14:16:04', 1, 'R', '2022-10-29 14:16:05', '2022-10-29 14:16:05'),
(541, '2022-10-29 14:43:35', 1, 'R', '2022-10-29 14:43:36', '2022-10-29 14:43:36'),
(542, '2022-11-02 08:21:21', 8, 'P', '2022-11-02 08:21:22', '2022-11-02 08:21:22'),
(543, '2022-11-04 08:18:35', 8, 'P', '2022-11-04 08:18:36', '2022-11-04 08:18:36'),
(544, '2022-11-04 09:19:30', 8, 'R', '2022-11-04 09:19:31', '2022-11-04 09:19:31'),
(545, '2022-11-04 13:22:47', 1, 'R', '2022-11-04 13:22:48', '2022-11-04 13:22:48'),
(546, '2022-11-07 08:47:05', 8, 'R', '2022-11-07 08:47:06', '2022-11-07 08:47:06'),
(547, '2022-11-07 08:59:34', 8, 'R', '2022-11-07 08:59:35', '2022-11-07 08:59:35'),
(548, '2022-11-07 09:10:29', 8, 'R', '2022-11-07 09:10:30', '2022-11-07 09:10:30');

-- --------------------------------------------------------

--
-- Table structure for table `cause_malnutritions`
--

CREATE TABLE `cause_malnutritions` (
  `id` int(11) NOT NULL,
  `id_causemalnutrition` char(36) CHARACTER SET utf8 COLLATE utf8_bin DEFAULT NULL,
  `atcd_mas` tinyint(1) NOT NULL,
  `nbre_chute` int(11) NOT NULL,
  `mas_fratrie` tinyint(1) NOT NULL,
  `terme_grossesse` varchar(255) NOT NULL,
  `sejour_neonat` tinyint(1) NOT NULL,
  `eig` float DEFAULT NULL,
  `lieu_accouchement` varchar(255) NOT NULL,
  `asphyxie_perinatal` varchar(255) NOT NULL,
  `dpm` varchar(255) DEFAULT NULL,
  `cause_dpm` text,
  `calendrier_vaccinal` text,
  `vaccin_non_recu` text NOT NULL,
  `rang_fratrie` varchar(255) NOT NULL,
  `taille_fratrie` int(11) NOT NULL,
  `atcd_rougeole_fratrie` tinyint(1) NOT NULL,
  `vaccination_rougeole` tinyint(1) NOT NULL,
  `terrain_vih` tinyint(1) NOT NULL,
  `allaitement_6mois` tinyint(1) NOT NULL,
  `age_fin_allaitement` int(11) DEFAULT NULL,
  `tbc` tinyint(1) DEFAULT NULL,
  `atcd_du_tbc_dans_fratrie` tinyint(1) DEFAULT NULL,
  `hospitalisation_recente` tinyint(1) DEFAULT NULL,
  `diagnostique_hospitalisation` text,
  `produit_plante` tinyint(1) NOT NULL,
  `duree_produit_plante` varchar(255) NOT NULL,
  `cocktail_atb` tinyint(1) NOT NULL,
  `duree_prise_atb` varchar(255) DEFAULT NULL,
  `traitement_nutri` varchar(255) DEFAULT NULL,
  `diversification_aliment` int(11) DEFAULT NULL,
  `constitution_aliment` text,
  `patientId` int(11) NOT NULL,
  `createdAt` datetime NOT NULL,
  `updatedAt` datetime NOT NULL,
  `deletedAt` datetime DEFAULT NULL
) ENGINE=InnoDB DEFAULT CHARSET=utf8;

--
-- Dumping data for table `cause_malnutritions`
--

INSERT INTO `cause_malnutritions` (`id`, `id_causemalnutrition`, `atcd_mas`, `nbre_chute`, `mas_fratrie`, `terme_grossesse`, `sejour_neonat`, `eig`, `lieu_accouchement`, `asphyxie_perinatal`, `dpm`, `cause_dpm`, `calendrier_vaccinal`, `vaccin_non_recu`, `rang_fratrie`, `taille_fratrie`, `atcd_rougeole_fratrie`, `vaccination_rougeole`, `terrain_vih`, `allaitement_6mois`, `age_fin_allaitement`, `tbc`, `atcd_du_tbc_dans_fratrie`, `hospitalisation_recente`, `diagnostique_hospitalisation`, `produit_plante`, `duree_produit_plante`, `cocktail_atb`, `duree_prise_atb`, `traitement_nutri`, `diversification_aliment`, `constitution_aliment`, `patientId`, `createdAt`, `updatedAt`, `deletedAt`) VALUES
(27, 'af447b9a-7227-4aaf-9040-b59f6054d8d3', 0, 0, 0, 'A terme', 0, 36, 'Structure sanitaire oui', 'a crié spontanément oui', 'Normal', '', 'Calendrier vaccinal à jour', 'Calendrier vaccinal à jour', '4', 4, 1, 1, 0, 0, 3, 0, 0, 0, 'rien', 0, '0', 1, 'pas de cocktail atb', 'MaSoSo', 3, 'Bouillie de sorgho et banane', 40, '2022-08-11 22:04:59', '2022-08-11 22:04:59', NULL),
(28, 'ca7e06dd-7174-4e39-b06d-f57e77abdd81', 0, 0, 0, 'Prématuré ', 0, 24, 'Structure sanitaire oui', 'a crié spontanément oui', 'Normal', '', 'Calendrier vaccinal à jour', 'Calendrier vaccinal à jour', '5', 5, 0, 1, 0, 0, 3, 0, 0, 0, 'rien', 0, '0', 1, 'pas de cocktail atb', 'MaSoSo', 3, 'Bouillie de sorgho et banane', 41, '2022-08-11 22:39:46', '2022-08-11 22:39:46', NULL),
(29, '05ae5734-2240-45fc-af8b-d123d34f35c8', 0, 0, 0, 'A terme', 0, 36, 'Structure sanitaire oui', 'a crié spontanément oui', 'Normal', '', 'Calendrier vaccinal à jour', 'Calendrier vaccinal à jour', '3', 4, 0, 1, 0, 0, 3, 0, 0, 0, 'rien', 0, '0', 0, 'pas de cocktail atb', 'MaSoSo', 3, 'Bouillie de sorgho et banane', 42, '2022-08-15 08:23:05', '2022-08-15 08:23:05', NULL),
(30, 'e27f0e26-90c2-424b-afcc-b23009fc14bf', 0, 0, 0, 'A terme', 0, 2, 'Structure sanitaire oui', 'a crié spontanément oui', 'Anormal', 'Langage non encore acquis', 'Calendrier vaccinal à jour', 'Calendrier vaccinal à jour', '5', 9, 0, 1, 0, 0, 3, 0, 0, 0, 'rien', 0, '0', 0, 'pas de cocktail atb', 'MaSoSo', 3, 'Bouillie de sorgho et banane', 43, '2022-08-15 08:48:19', '2022-08-15 08:48:19', NULL),
(31, '39c7253b-3128-4dec-9edb-33d360d8411a', 0, 0, 0, 'A terme', 0, 24, 'Structure sanitaire oui', 'a crié spontanément oui', 'Normal', '', 'Calendrier vaccinal à jour', 'Calendrier vaccinal à jour', '10', 12, 0, 1, 0, 0, 5, 0, 0, 0, 'rien', 1, '0', 1, 'pas de cocktail atb', 'MaSoSo', 5, 'Plat familial', 44, '2022-08-15 10:43:42', '2022-08-15 10:43:42', NULL),
(32, '4fc8f55b-290b-4dad-9f71-e94e5e31f26f', 0, 0, 0, 'A terme', 0, 2, 'Structure sanitaire oui', 'a crié spontanément oui', 'Normal', '', 'Calendrier vaccinal à jour', 'Calendrier vaccinal à jour', '2', 4, 0, 1, 0, 1, 6, 0, 0, 1, 'Non précisé', 1, '0', 1, 'pas de cocktail atb', 'MaSoSo', 6, 'Plat familial', 45, '2022-08-15 10:57:27', '2022-08-15 10:57:27', NULL),
(33, '77f19692-60ef-4db1-9307-86ef8409e470', 0, 0, 0, 'A terme', 0, 2, 'Structure sanitaire oui', 'a crié spontanément oui', 'Normal', '', 'Calendrier vaccinal non à jour', 'VAA,VAR', '4', 4, 0, 0, 0, 0, 5, 0, 0, 0, 'rien', 1, '0', 1, 'pas de cocktail atb', '', 5, 'Bouillie de sorgho et banane', 46, '2022-08-15 13:25:29', '2022-08-15 13:25:29', NULL),
(34, 'f760c680-b828-498d-9523-09c160cee1c6', 1, 3, 0, 'A terme', 0, 24, 'Structure sanitaire oui', 'a crié spontanément oui', 'Normal', '', 'Calendrier vaccinal à jour', 'Calendrier vaccinal à jour', '4', 6, 0, 1, 0, 0, 1, 0, 0, 0, 'rien', 1, '0', 1, 'pas de cocktail atb', 'MaSoSo', 1, 'Bouillie de banane', 47, '2022-08-15 13:50:51', '2022-08-15 13:50:51', NULL),
(35, '0483b19f-d089-4e60-8cc0-fb615b19da66', 0, 0, 0, 'A terme', 0, 2, '', 'a crié spontanément oui', 'Normal', '', 'Calendrier vaccinal non à jour', 'VAA,VAR', '1', 2, 0, 0, 0, 1, 6, 0, 0, 0, 'rien', 0, '0', 0, 'pas de cocktail atb', 'MaSoSo', 6, 'Bouillie de sorgho,banane et maïs', 48, '2022-08-16 08:17:57', '2022-08-16 08:17:57', NULL),
(36, '2967ce6a-caa4-44cd-989f-eb7a2007369a', 0, 0, 1, 'A terme', 0, 2, 'Structure sanitaire oui', '', 'Normal', '', 'Calendrier vaccinal à jour', 'Calendrier vaccinal à jour', '3', 3, 0, 1, 0, 0, 4, 0, 0, 0, 'rien', 1, '0', 0, 'pas de cocktail atb', '', 4, 'Bouillie de sorgho et banane', 49, '2022-08-16 08:43:57', '2022-08-16 08:43:57', NULL),
(37, '10f420b3-2a3d-471f-bff3-4a55f627db42', 0, 0, 0, 'A terme', 0, 1, 'Structure sanitaire oui', 'a crié spontanément oui', 'Anormal', 'Marché non encore effective', 'Calendrier vaccinal non à jour', 'VAA,VAR', '2', 2, 0, 0, 0, 1, 6, 0, 0, 1, 'Bronchite', 1, '0', 0, 'pas de cocktail atb', 'MaSoSo', 6, 'Plat familial', 50, '2022-08-16 09:09:46', '2022-08-16 09:09:46', NULL),
(38, 'b2134e43-3cab-4d70-b4f8-c18066addfc2', 1, 1, 1, 'A terme', 0, 12, 'Structure sanitaire oui', 'a crié spontanément oui', 'Normal', '', 'Calendrier vaccinal à jour', 'Calendrier vaccinal à jour', '2', 6, 0, 1, 0, 0, 9, 0, 0, 0, 'rien', 1, '0', 1, 'pas de cocktail atb', 'MaSoSo', 2, 'Bouillie de sorgho', 51, '2022-08-17 07:54:22', '2022-08-17 07:54:22', NULL),
(39, 'ba0abdfb-5f36-4469-8d57-c26ed4cf6bd1', 1, 1, 0, 'A terme', 0, 12, 'Structure sanitaire oui', 'a crié spontanément oui', 'Anormal', 'Marche et langage non encore acquis', 'Calendrier vaccinal non à jour', 'VAA,VAR', '2', 3, 0, 0, 0, 0, 3, 0, 0, 1, 'Malnutrition aiguë sévère', 1, '0', 0, 'pas de cocktail atb', 'MaSoSo', 3, 'Bouillie de sorgho et de banane', 52, '2022-08-24 07:29:09', '2022-08-24 07:29:09', NULL),
(40, '4309183b-4455-46a5-975b-f2b900653c65', 1, 2, 1, 'A terme', 0, 1, 'domicile', 'a crié spontanément oui', 'Normal', '', 'Calendrier vaccinal non à jour', 'Tous', '10', 10, 0, 0, 0, 0, 1, 0, 0, 0, 'rien', 0, '0', 1, 'pas de cocktail atb', 'MaSoSo', 1, 'Bouillie de banane', 53, '2022-08-24 08:56:31', '2022-08-24 08:56:31', NULL),
(41, 'efb2b562-2c4e-47ad-910b-11895b370ee2', 0, 0, 0, 'A terme', 0, 12, 'Structure sanitaire oui', 'a crié spontanément oui', 'Normal', '', 'Calendrier vaccinal non à jour', 'BcG,VAR , VAA', '1', 1, 0, 0, 0, 0, 5, 0, 0, 0, 'rien', 1, '0', 0, 'pas de cocktail atb', 'MaSoSo', 5, 'Bouillie de sorgho, maïs et banane', 54, '2022-08-24 10:12:11', '2022-08-24 10:12:11', NULL),
(42, 'b3e3c23a-a437-4fb4-b164-acaf7002db25', 1, 1, 1, 'A terme', 0, 1, 'Structure sanitaire oui', 'a crié spontanément oui', 'Anormal', 'Marche non encore acquise', 'Calendrier vaccinal non à jour', 'VAA,VAR', '2', 3, 0, 0, 0, 0, 1, 0, 0, 1, 'Malnutrition aiguë sévère', 0, '0', 0, 'pas de cocktail atb', 'MaSoSo', 1, 'Bouillie de banane et sorgho', 55, '2022-08-24 12:44:01', '2022-08-24 12:44:01', NULL),
(43, '80a4b5cd-cbd5-4939-b4b5-9667c289dcee', 1, 3, 0, 'A terme', 0, 2, 'Structure sanitaire oui', 'a crié spontanément oui', 'Anormal', 'Marche et langage non encore acquis', 'Calendrier vaccinal à jour', 'Calendrier vaccinal à jour', '3', 5, 0, 1, 0, 0, 4, 0, 1, 0, 'rien', 1, '0', 1, 'pas de cocktail atb', 'MaSoSo', 4, 'Bouillie de sorgho et banane', 56, '2022-08-24 13:43:48', '2022-08-24 13:43:48', NULL),
(44, 'd8c2febf-2190-4b1b-955d-b509dac5ddba', 1, 1, 1, 'A terme', 0, 1, 'Structure sanitaire oui', 'a crié spontanément oui', 'Normal', '', 'Calendrier vaccinal à jour', 'Calendrier vaccinal à jour', '3', 6, 0, 1, 0, 0, 5, 0, 0, 0, 'rien', 1, '0', 1, 'pas de cocktail atb', 'MaSoSo', 5, 'Plat familial', 57, '2022-09-07 17:47:35', '2022-09-07 17:47:35', NULL),
(45, '856b8d06-10fb-48f7-a6d0-5d89a64b06c8', 1, 1, 1, 'A terme', 0, 12, 'Structure sanitaire oui', 'a crié spontanément oui', 'Normal', '', 'Calendrier vaccinal à jour', 'Calendrier vaccinal à jour', '5', 6, 0, 1, 0, 0, 5, 0, 0, 0, 'rien', 1, '0', 1, 'pas de cocktail atb', 'MaSoSo', 5, 'Plat familial', 58, '2022-09-08 05:07:40', '2022-09-08 05:07:40', NULL),
(46, '8884ba04-d5b2-4479-93fb-a22ec0cec736', 1, 1, 0, 'A terme', 0, 24, 'Structure sanitaire oui', 'a crié spontanément oui', 'Normal', '', 'Calendrier vaccinal à jour', 'Calendrier vaccinal à jour', '2', 4, 0, 1, 0, 0, 4, 0, 0, 0, 'rien', 0, '0', 1, 'pas de cocktail atb', 'MaSoSo', 4, 'Bouillie de sorgho + banane', 61, '2022-09-08 15:05:27', '2022-09-08 15:05:27', NULL),
(47, '016d6315-ef95-48e7-a61c-d000d6092035', 0, 0, 1, 'A terme', 0, 12, 'Structure sanitaire oui', 'a crié spontanément oui', 'Normal', '', 'Calendrier vaccinal non à jour', 'Tous', '3', 4, 1, 0, 0, 0, 3, 0, 0, 0, 'rien', 1, '0', 1, 'pas de cocktail atb', 'MaSoSo', 3, 'Bouillie de sorgho et banane', 62, '2022-09-14 15:09:06', '2022-09-14 15:09:06', NULL),
(48, 'ab1f4ef6-0b0a-490e-bf4f-7d0cb86d72ea', 0, 0, 1, 'A terme', 0, 24, 'Structure sanitaire oui', 'a crié spontanément oui', 'Normal', '', 'Calendrier vaccinal à jour', 'Calendrier vaccinal à jour', '9', 11, 0, 1, 0, 0, 4, 0, 0, 0, 'rien', 1, '0', 0, 'pas de cocktail atb', 'MaSoSo', 4, 'Bouillie de sorgho et banane', 63, '2022-09-15 00:14:37', '2022-09-15 00:14:37', NULL),
(49, '6acc79ed-b23b-4fff-9f6d-6dfd12e5692b', 1, 2, 0, 'A terme', 1, 2, 'Structure sanitaire oui', 'a crié spontanément oui', 'Anormal', 'Marche et langage non encore acquis', 'Calendrier vaccinal à jour', 'Calendrier vaccinal à jour', '2', 2, 1, 1, 0, 0, 3, 0, 0, 1, 'Malnutrition aiguë sévère', 0, '0', 0, 'pas de cocktail atb', 'MaSoSo', 3, 'Bouillie de sorgho et banane', 64, '2022-09-15 00:36:39', '2022-09-15 00:36:39', NULL),
(50, '7f622fc4-c280-46a7-a847-b0f851308b20', 0, 0, 0, 'A terme', 0, 18, 'Structure sanitaire oui', 'a crié spontanément oui', 'Normal', '', 'Calendrier vaccinal à jour', 'Calendrier vaccinal à jour', '7', 11, 0, 1, 0, 0, 3, 0, 0, 0, 'rien', 1, '0', 0, 'pas de cocktail atb', 'MaSoSo', 3, 'Bouillie de sorgho et banane', 65, '2022-09-15 00:48:29', '2022-09-15 00:48:29', NULL),
(51, '99f9ea56-c866-45aa-9625-a9c74d633c68', 0, 0, 0, 'A terme', 0, 24, 'Structure sanitaire oui', 'a crié spontanément oui', 'Anormal', 'Tenue assis,Marche , langage non encore acquis', 'Calendrier vaccinal à jour', 'Calendrier vaccinal à jour', '5', 5, 0, 1, 0, 0, 4, 0, 0, 1, 'Paludisme', 1, '0', 0, 'pas de cocktail atb', 'MaSoSo', 4, 'Bouillie de sorgho et banane', 66, '2022-09-15 01:14:24', '2022-09-15 01:14:24', NULL);

-- --------------------------------------------------------

--
-- Table structure for table `consulter_pars`
--

CREATE TABLE `consulter_pars` (
  `id` int(11) NOT NULL,
  `id_consulter_par` char(36) CHARACTER SET utf8 COLLATE utf8_bin DEFAULT NULL,
  `userId` int(11) NOT NULL,
  `patientId` int(11) NOT NULL,
  `createdAt` datetime NOT NULL,
  `updatedAt` datetime NOT NULL,
  `deletedAt` datetime DEFAULT NULL
) ENGINE=InnoDB DEFAULT CHARSET=utf8;

--
-- Dumping data for table `consulter_pars`
--

INSERT INTO `consulter_pars` (`id`, `id_consulter_par`, `userId`, `patientId`, `createdAt`, `updatedAt`, `deletedAt`) VALUES
(44, 'adf07f62-16e1-45cd-8804-e24efbc1e017', 7, 40, '2022-08-11 22:04:59', '2022-08-11 22:04:59', NULL),
(45, '1f67f707-a117-4eac-96b0-496b62e6c1a8', 7, 41, '2022-08-11 22:39:45', '2022-08-11 22:39:45', NULL),
(46, 'c2fa81d1-eb40-499e-ab0c-c51130d301f2', 7, 42, '2022-08-15 08:23:04', '2022-08-15 08:23:04', NULL),
(47, '6329ea07-1648-41fa-8ac9-2c46d488b182', 7, 43, '2022-08-15 08:48:19', '2022-08-15 08:48:19', NULL),
(48, '479087f7-dab2-431d-bf9d-de4dda32f37f', 7, 44, '2022-08-15 10:43:42', '2022-08-15 10:43:42', NULL),
(49, 'd6916539-393c-42d8-baa9-7fdbc968a101', 7, 45, '2022-08-15 10:57:27', '2022-08-15 10:57:27', NULL),
(50, 'db6fc466-7542-4e01-9f14-653850fec83a', 7, 46, '2022-08-15 13:25:28', '2022-08-15 13:25:28', NULL),
(51, '4e15d5e7-e87d-435d-aee3-f5edcea02a9c', 7, 47, '2022-08-15 13:50:51', '2022-08-15 13:50:51', NULL),
(52, '7552fa7c-ccb5-43e5-87a9-87b2518e5633', 7, 48, '2022-08-16 08:17:57', '2022-08-16 08:17:57', NULL),
(53, '8cf0c7d5-f48e-4f7d-8322-0df9fa3a0d57', 7, 49, '2022-08-16 08:43:57', '2022-08-16 08:43:57', NULL),
(54, '65df493e-eba5-42da-89f3-34376b753482', 7, 50, '2022-08-16 09:09:46', '2022-08-16 09:09:46', NULL),
(55, '2eaef9a6-5cc5-4583-8599-00760247addb', 7, 51, '2022-08-17 07:54:22', '2022-08-17 07:54:22', NULL),
(56, '51a283b1-df73-424a-bc39-95cadba4f6c9', 7, 52, '2022-08-24 07:29:09', '2022-08-24 07:29:09', NULL),
(57, '43928d0d-0a63-4af2-88dd-5b082f2992af', 7, 53, '2022-08-24 08:56:31', '2022-08-24 08:56:31', NULL),
(58, 'be0e3a33-e75d-4763-a8a1-3b04bb968f0c', 7, 54, '2022-08-24 10:12:11', '2022-08-24 10:12:11', NULL),
(59, '31782591-90f0-4459-9c03-68fd7e4a6b87', 7, 55, '2022-08-24 12:44:01', '2022-08-24 12:44:01', NULL),
(60, '3fc769e0-1695-4684-9209-a48a55f4622b', 7, 56, '2022-08-24 13:43:48', '2022-08-24 13:43:48', NULL),
(61, '68225820-ecfc-4e31-8c47-26f79a68413a', 7, 57, '2022-09-07 17:47:35', '2022-09-07 17:47:35', NULL),
(62, '1a90169a-7467-486c-9a37-48ab560aa83d', 7, 58, '2022-09-08 05:07:40', '2022-09-08 05:07:40', NULL),
(63, '3f595799-83b4-4140-abde-05da3c8fa133', 7, 59, '2022-09-08 05:27:04', '2022-09-08 05:27:04', NULL),
(65, '0f5827dc-fb95-4454-b5ff-60774e2b7eb5', 7, 61, '2022-09-08 15:05:27', '2022-09-08 15:05:27', NULL),
(66, 'ca57fff9-1a75-42e8-8cb4-41bca67a9643', 7, 62, '2022-09-14 15:09:05', '2022-09-14 15:09:05', NULL),
(67, '0709aafa-7ca3-44f0-8904-9495b23f8f50', 7, 63, '2022-09-15 00:14:36', '2022-09-15 00:14:36', NULL),
(68, '04f3162f-38ee-4999-a141-21c247c49711', 7, 64, '2022-09-15 00:36:39', '2022-09-15 00:36:39', NULL),
(69, 'a6b57324-f6fb-4124-bf3c-2e338b1e29f8', 7, 65, '2022-09-15 00:48:29', '2022-09-15 00:48:29', NULL),
(70, '16cd5610-cf53-4e7b-8e05-fec9559cc6a6', 7, 66, '2022-09-15 01:14:24', '2022-09-15 01:14:24', NULL);

-- --------------------------------------------------------

--
-- Table structure for table `familles`
--

CREATE TABLE `familles` (
  `id` int(11) NOT NULL,
  `id_famille` char(36) CHARACTER SET utf8 COLLATE utf8_bin DEFAULT NULL,
  `taille_menage` int(11) NOT NULL,
  `vivre_deux_parents` tinyint(1) NOT NULL,
  `tuteur` varchar(255) DEFAULT NULL,
  `age_tuteur` int(11) DEFAULT NULL,
  `etat_mere` varchar(255) DEFAULT NULL,
  `pere_en_vie` tinyint(1) DEFAULT NULL,
  `mere_en_vie` tinyint(1) DEFAULT NULL,
  `age_mere` int(11) DEFAULT NULL,
  `profession_mere` varchar(255) DEFAULT NULL,
  `profession_chef_menage` varchar(255) NOT NULL,
  `scolarite_mere` varchar(255) DEFAULT NULL,
  `contraception_mere` tinyint(1) NOT NULL,
  `type_contraception` varchar(255) DEFAULT NULL,
  `contraception_naturelle` varchar(255) DEFAULT NULL,
  `contraception_moderne` varchar(255) DEFAULT NULL,
  `niveau_socioeconomique` varchar(255) NOT NULL,
  `statut_marital` varchar(255) NOT NULL,
  `type_statut_marital` varchar(255) NOT NULL,
  `nbre_femme_pere` int(11) DEFAULT NULL,
  `tribu` varchar(255) NOT NULL,
  `religion` varchar(255) NOT NULL,
  `posseder_radio_tele` tinyint(1) NOT NULL,
  `nbre_repas` int(11) NOT NULL,
  `consommation_poisson` tinyint(1) NOT NULL,
  `atb` tinyint(1) NOT NULL,
  `liste_atb` text,
  `tbc_parents` tinyint(1) NOT NULL,
  `tbc_chez` varchar(255) DEFAULT NULL,
  `tbc_gueris` tinyint(1) DEFAULT NULL,
  `duree_traitement_tbc` varchar(255) DEFAULT NULL,
  `tbc_declarer_finie` tinyint(1) DEFAULT NULL,
  `createdAt` datetime NOT NULL,
  `updatedAt` datetime NOT NULL,
  `deletedAt` datetime DEFAULT NULL
) ENGINE=InnoDB DEFAULT CHARSET=utf8;

--
-- Dumping data for table `familles`
--

INSERT INTO `familles` (`id`, `id_famille`, `taille_menage`, `vivre_deux_parents`, `tuteur`, `age_tuteur`, `etat_mere`, `pere_en_vie`, `mere_en_vie`, `age_mere`, `profession_mere`, `profession_chef_menage`, `scolarite_mere`, `contraception_mere`, `type_contraception`, `contraception_naturelle`, `contraception_moderne`, `niveau_socioeconomique`, `statut_marital`, `type_statut_marital`, `nbre_femme_pere`, `tribu`, `religion`, `posseder_radio_tele`, `nbre_repas`, `consommation_poisson`, `atb`, `liste_atb`, `tbc_parents`, `tbc_chez`, `tbc_gueris`, `duree_traitement_tbc`, `tbc_declarer_finie`, `createdAt`, `updatedAt`, `deletedAt`) VALUES
(40, '20f83c13-d1b9-4136-b3d8-b41bf0271f47', 6, 1, 'Son père', 0, 'Aucun', 1, 1, 32, 'Ménagère', 'Business (exploitant minier, petit commerce, etc.) ', 'Primaire', 0, 'pas de contraception', 'pas de contraception naturel', 'pas de contraception moderne', 'Moyen', 'Mariée', 'Monogame', 1, 'Shi', 'Catholique', 0, 2, 0, 1, NULL, 0, 'false', 0, '0', 0, '2022-08-11 22:04:58', '2022-08-11 22:04:58', NULL),
(41, 'b10e6e07-7005-465f-b4c8-ec67d0163cd9', 6, 0, 'Sa mère', 0, 'Aucun', 0, 1, 37, 'Ménagère', 'Autre', 'Secondaire', 0, 'pas de contraception', 'pas de contraception naturel', 'pas de contraception moderne', 'Moyen', 'Veuve', 'non marié', 1, 'Shi', 'Protestant', 0, 2, 1, 1, NULL, 0, 'false', 0, '0', 0, '2022-08-11 22:39:44', '2022-08-11 22:39:44', NULL),
(42, '533377ca-268a-4ae1-82c1-db5b8d508d9a', 6, 1, 'Son père', 0, 'Aucun', 1, 1, 32, 'Ménagère', 'Business (exploitant minier, petit commerce, etc.) ', 'Primaire', 0, 'pas de contraception', 'pas de contraception naturel', 'pas de contraception moderne', 'Moyen', 'Mariée', 'Monogame', 1, 'Shi', 'Catholique', 0, 2, 1, 1, NULL, 0, 'false', 0, '0', 0, '2022-08-15 08:23:03', '2022-08-15 08:23:03', NULL),
(43, '2e543965-cc3b-4d51-8552-026c67c9e152', 7, 1, 'Son père', 0, 'Allaitante', 1, 1, 35, 'Ménagère', 'Sans profession (sans emploi)', 'Analphabète', 0, 'pas de contraception', 'pas de contraception naturel', 'pas de contraception moderne', 'Moyen', 'Mariée', 'Monogame', 1, 'Shi', 'Musulman', 0, 2, 0, 1, NULL, 0, 'false', 0, '0', 0, '2022-08-15 08:48:18', '2022-08-15 08:48:18', NULL),
(44, '471b62e4-7c5c-4e14-9a90-d54086434dd5', 12, 1, 'Son père', 0, 'Allaitante', 1, 1, 48, 'Ménagère', 'Salarié formel,infirmier,Ong,enseignant', 'Analphabète', 0, 'pas de contraception', 'pas de contraception naturel', 'pas de contraception moderne', 'Moyen', 'Mariée', 'Monogame', 1, 'Shi', 'Catholique', 0, 2, 0, 1, NULL, 0, 'false', 0, '0', 0, '2022-08-15 10:43:41', '2022-08-15 10:43:41', NULL),
(45, '53e4103f-04e5-408c-826b-97716d7f0dc5', 6, 1, 'Son père', 0, 'Enceinte et allaitante', 1, 1, 29, 'Ménagère', 'Business (exploitant minier, petit commerce, etc.) ', 'Primaire', 0, 'pas de contraception', 'pas de contraception naturel', 'pas de contraception moderne', 'Moyen', 'Mariée', 'Monogame', 1, 'Shi', 'Catholique', 0, 2, 0, 1, NULL, 0, 'false', 0, '0', 0, '2022-08-15 10:57:26', '2022-08-15 10:57:26', NULL),
(46, '87b0dcee-1459-4376-8e35-e36ac04dec6f', 6, 1, 'Son père', 0, 'Enceinte et allaitante', 1, 1, 29, 'Ménagère', 'Business (exploitant minier, petit commerce, etc.) ', 'Primaire', 0, 'pas de contraception', 'pas de contraception naturel', 'pas de contraception moderne', 'Moyen', 'Mariée', 'Monogame', 1, 'Shi', 'Catholique', 0, 2, 0, 1, NULL, 0, 'false', 0, '0', 0, '2022-08-15 13:25:27', '2022-08-15 13:25:27', NULL),
(47, 'c00a975d-9091-4e63-b630-c1a61f7bad4c', 8, 1, 'Son père', 0, 'Allaitante', 1, 1, 31, 'Cultivatrice', 'Travail à temps partiel (maçon, menuisier)', 'Primaire', 1, 'Naturel', 'Abstinence', 'pas de contraception moderne', 'Moyen', 'Mariée', 'Polygame', 2, 'Shi', 'Catholique', 1, 3, 0, 1, NULL, 0, 'false', 0, '0', 0, '2022-08-15 13:50:50', '2022-08-15 13:50:50', NULL),
(48, '1777980e-42c2-4942-8cbc-b7f74bc0048d', 3, 0, 'Sa mère', 0, 'Allaitante', 1, 1, 21, 'Ménagère', 'Autre', 'Secondaire', 0, 'pas de contraception', 'pas de contraception naturel', 'pas de contraception moderne', 'Bas', 'Separée ou divorcée', 'non marié', 1, 'Shi', 'Catholique', 0, 2, 0, 1, NULL, 0, 'false', 0, '0', 0, '2022-08-16 08:17:56', '2022-08-16 08:17:56', NULL),
(49, 'bc79903b-60bf-4b75-988b-7c6181802ad7', 5, 1, 'Son père', 0, 'Enceinte', 1, 1, 24, 'Ménagère', 'Business (exploitant minier, petit commerce, etc.) ', 'Secondaire', 0, 'pas de contraception', 'pas de contraception naturel', 'pas de contraception moderne', 'Moyen', 'Mariée', 'Monogame', 1, 'Autre ethnie du sud-kivu', 'Catholique', 1, 2, 0, 1, NULL, 0, 'false', 0, '0', 0, '2022-08-16 08:43:56', '2022-08-16 08:43:56', NULL),
(50, '456ba33a-788e-455c-80fe-f2a6b9fc2c0c', 4, 1, 'Son père', 0, 'Enceinte', 1, 1, 26, 'Ménagère', 'Sans profession (sans emploi)', 'Secondaire', 0, 'pas de contraception', 'pas de contraception naturel', 'pas de contraception moderne', 'Moyen', 'Mariée', 'Monogame', 1, 'Shi', 'Catholique', 0, 2, 0, 1, NULL, 0, 'false', 0, '0', 0, '2022-08-16 09:09:45', '2022-08-16 09:09:45', NULL),
(51, '1ba6e051-42f7-4e0b-86a0-923520d78a41', 7, 1, 'Son père', 0, 'Enceinte', 1, 1, 30, 'Ménagère', 'Business (exploitant minier, petit commerce, etc.) ', 'Secondaire', 0, 'pas de contraception', 'pas de contraception naturel', 'pas de contraception moderne', 'Moyen', 'Mariée', 'Monogame', 1, 'Shi', 'Protestant', 0, 2, 0, 1, NULL, 0, 'false', 0, '0', 0, '2022-08-17 07:54:21', '2022-08-17 07:54:21', NULL),
(52, '250f01d2-cb38-4ba5-97ac-759163049a71', 5, 0, 'Sa mère', 0, 'Allaitante', 1, 1, 18, 'Autre', 'Sans profession (sans emploi)', 'Primaire', 0, 'pas de contraception', 'pas de contraception naturel', 'pas de contraception moderne', 'Bas', 'Separée ou divorcée', 'non marié', 1, 'Rega', 'Protestant', 0, 1, 0, 1, NULL, 0, 'Aucun', 0, '0', 0, '2022-08-24 07:29:08', '2022-08-24 07:29:08', NULL),
(53, '4ce39e7f-273e-48cb-972a-e1e3b520e210', 12, 1, 'Son père', 0, 'Allaitante', 1, 1, 40, 'Ménagère', 'Sans profession (sans emploi)', 'Analphabète', 0, 'pas de contraception', 'pas de contraception naturel', 'pas de contraception moderne', 'Moyen', 'Mariée', 'Polygame', 4, 'Shi', 'Protestant', 0, 2, 0, 1, NULL, 0, 'false', 0, '0', 0, '2022-08-24 08:56:30', '2022-08-24 08:56:30', NULL),
(54, '0771d620-3e90-4a99-acf1-3170bf571563', 3, 1, 'Son père', 0, 'Enceinte et allaitante', 1, 1, 23, 'Salariée formelle,infirmière,Ong,enseignante', 'Sans profession (sans emploi)', 'Secondaire', 0, 'pas de contraception', 'pas de contraception naturel', 'pas de contraception moderne', 'Moyen', 'Mariée', 'Monogame', 1, 'Shi', 'Protestant', 0, 2, 0, 1, NULL, 0, 'false', 0, '0', 0, '2022-08-24 10:12:10', '2022-08-24 10:12:10', NULL),
(55, 'feea5fcf-e938-4ce8-93ee-f582031c2c6d', 8, 0, 'Sa mère', 0, 'Allaitante', 1, 1, 23, 'Business (exploitante minier, petit commerce, etc.) ', 'Business (exploitant minier, petit commerce, etc.) ', 'Primaire', 0, 'pas de contraception', 'pas de contraception naturel', 'pas de contraception moderne', 'Moyen', 'Separée ou divorcée', 'non marié', 1, 'Shi', 'Protestant', 0, 2, 0, 1, NULL, 0, 'false', 0, '0', 0, '2022-08-24 12:44:00', '2022-08-24 12:44:00', NULL),
(56, '08e6b447-22fe-4478-8af5-971f12568f62', 6, 1, 'Son père', 0, 'Allaitante', 1, 1, 25, 'Business (exploitante minier, petit commerce, etc.) ', 'Business (exploitant minier, petit commerce, etc.) ', 'Primaire', 0, 'pas de contraception', 'pas de contraception naturel', 'pas de contraception moderne', 'Moyen', 'Mariée', 'Monogame', 1, 'Shi', 'Protestant', 1, 2, 1, 1, NULL, 1, 'true', 1, '6 mois', 1, '2022-08-24 13:43:47', '2022-08-24 13:43:47', NULL),
(57, '7818ae97-4926-45c4-983b-c67a899dfff1', 8, 1, 'Son père', 0, 'Enceinte', 1, 1, 30, 'Ménagère', 'Business (exploitant minier, petit commerce, etc.) ', 'Secondaire', 0, 'pas de contraception', 'pas de contraception naturel', 'pas de contraception moderne', 'Moyen', 'Mariée', 'Monogame', 1, 'Shi', 'Protestant', 0, 2, 0, 1, NULL, 0, 'false', 0, '0', 0, '2022-09-07 17:47:34', '2022-09-07 17:47:34', NULL),
(58, 'b63431f4-6a87-4028-9d9c-9182bdc57e4d', 8, 1, 'Son père', 0, 'Enceinte', 1, 1, 30, 'Business (exploitante minier, petit commerce, etc.) ', 'Business (exploitant minier, petit commerce, etc.) ', 'Secondaire', 0, 'pas de contraception', 'pas de contraception naturel', 'pas de contraception moderne', 'Moyen', 'Mariée', 'Monogame', 1, 'Shi', 'Protestant', 0, 2, 0, 1, NULL, 0, 'false', 0, '0', 0, '2022-09-08 05:07:39', '2022-09-08 05:07:39', NULL),
(59, '9f3fa763-92f0-45b2-8f2e-cc3c8e1d0c8c', 9, 0, 'Grand-mère', 0, 'Aucun', 1, 1, 0, 'Sans profession (sans emploi)', 'Business (exploitant minier, petit commerce, etc.) ', 'Analphabète', 0, 'pas de contraception', 'pas de contraception naturel', 'pas de contraception moderne', 'Bas', 'Separée ou divorcée', 'non marié', 1, 'Shi', 'Protestant', 0, 2, 0, 1, NULL, 0, 'false', 0, '0', 0, '2022-09-08 05:27:03', '2022-09-08 05:27:03', NULL),
(61, '2182d9ad-5a72-49eb-803f-82cdad4003a4', 6, 1, 'Son père', 0, 'Allaitante', 1, 1, 30, 'Ménagère', 'Business (exploitant minier, petit commerce, etc.) ', 'Primaire', 0, 'pas de contraception', 'pas de contraception naturel', 'pas de contraception moderne', 'Moyen', 'Mariée', 'Monogame', 1, 'Shi', 'Protestant', 0, 2, 0, 1, NULL, 0, 'false', 0, '0', 0, '2022-09-08 15:05:26', '2022-09-08 15:05:26', NULL),
(62, 'f1f17091-4cdf-46ce-911c-d4ce6cfc1c60', 6, 1, 'Son père', 0, 'Allaitante', 1, 1, 22, 'Ménagère', 'Sans profession (sans emploi)', 'Primaire', 0, 'pas de contraception', 'pas de contraception naturel', 'pas de contraception moderne', 'Bas', 'Mariée', 'Polygame', 3, 'Shi', 'Catholique', 0, 2, 0, 1, NULL, 0, 'false', 0, '0', 0, '2022-09-14 15:09:05', '2022-09-14 15:09:05', NULL),
(63, '4e457988-00c0-4b7d-99e9-c56e36119095', 13, 1, 'Son père', 0, 'Allaitante', 1, 1, 43, 'Ménagère', 'Travail à temps partiel (maçon, menuisier)', 'Primaire', 0, 'pas de contraception', 'pas de contraception naturel', 'pas de contraception moderne', 'Moyen', 'Mariée', 'Monogame', 1, 'Shi', 'Protestant', 0, 2, 0, 1, NULL, 0, 'false', 0, '0', 0, '2022-09-15 00:14:36', '2022-09-15 00:14:36', NULL),
(64, 'c5e7cbde-0a3c-41af-be56-860935268bcd', 3, 0, 'Sa mère', 0, 'Aucun', 1, 1, 20, 'Ménagère', 'Sans profession (sans emploi)', 'Primaire', 0, 'pas de contraception', 'pas de contraception naturel', 'pas de contraception moderne', 'Moyen', 'Separée ou divorcée', 'non marié', 1, 'Autre ethnie du pays et autres', 'Autres', 0, 2, 0, 1, NULL, 0, 'false', 0, '0', 0, '2022-09-15 00:36:38', '2022-09-15 00:36:38', NULL),
(65, 'c3fe15e2-c188-4423-84ac-7486ab9dc7c3', 13, 1, 'Son père', 0, 'Allaitante', 1, 1, 43, 'Business (exploitante minier, petit commerce, etc.) ', 'Travail à temps partiel (maçon, menuisier)', 'Primaire', 0, 'pas de contraception', 'pas de contraception naturel', 'pas de contraception moderne', 'Moyen', 'Mariée', 'Monogame', 1, 'Shi', 'Protestant', 0, 2, 0, 1, NULL, 0, 'false', 0, '0', 0, '2022-09-15 00:48:28', '2022-09-15 00:48:28', NULL),
(66, '00ba26d8-fb56-4ff4-9191-816fff138382', 5, 0, 'Sa mère', 0, 'Aucun', 0, 1, 32, 'Ménagère', 'Sans profession (sans emploi)', 'Primaire', 0, 'pas de contraception', 'pas de contraception naturel', 'pas de contraception moderne', 'Moyen', 'Veuve', 'non marié', 1, 'Shi', 'Catholique', 0, 2, 0, 1, NULL, 0, 'false', 0, '0', 0, '2022-09-15 01:14:23', '2022-09-15 01:14:23', NULL);

-- --------------------------------------------------------

--
-- Table structure for table `generators`
--

CREATE TABLE `generators` (
  `id` int(11) NOT NULL,
  `turned_on` datetime NOT NULL,
  `turned_off` datetime NOT NULL,
  `observation` varchar(255) DEFAULT NULL,
  `createdAt` datetime NOT NULL,
  `updatedAt` datetime NOT NULL
) ENGINE=InnoDB DEFAULT CHARSET=utf8;

-- --------------------------------------------------------

--
-- Table structure for table `matiere_premieres`
--

CREATE TABLE `matiere_premieres` (
  `id` int(11) NOT NULL,
  `libelle_matiere` varchar(255) NOT NULL,
  `qte_matiere` float NOT NULL,
  `prix_achat` float NOT NULL,
  `affectation` varchar(255) NOT NULL,
  `createdAt` datetime NOT NULL,
  `updatedAt` datetime NOT NULL,
  `deletedAt` datetime DEFAULT NULL
) ENGINE=InnoDB DEFAULT CHARSET=utf8;

--
-- Dumping data for table `matiere_premieres`
--

INSERT INTO `matiere_premieres` (`id`, `libelle_matiere`, `qte_matiere`, `prix_achat`, `affectation`, `createdAt`, `updatedAt`, `deletedAt`) VALUES
(1, 'maïs', 0, 40000, 'CNTES', '2022-01-12 13:09:19', '2022-08-01 09:00:27', NULL),
(2, 'soja', 28000, 70000, 'CNTES', '2022-01-12 13:11:20', '2022-08-01 09:00:27', NULL),
(3, 'sorgho', 12000, 30000, 'CNTES', '2022-01-12 13:12:11', '2022-08-01 09:01:30', NULL),
(4, 'sucre', 24000, 5000, 'CNTES', '2022-01-12 13:14:14', '2022-08-17 20:55:37', NULL),
(5, 'savon', 4400, 2500, 'CNTES', '2022-01-12 13:17:34', '2022-08-01 08:05:12', NULL),
(6, 'huiles', 9500, 2500, 'CNTES', '2022-01-12 13:25:00', '2022-08-01 09:04:31', NULL),
(7, 'briq. energ', 37000, 70000, 'CNTES', '2022-01-12 13:29:51', '2022-08-01 09:32:08', NULL),
(8, 'ext. foliaires', 250, 25000, 'CNTES', '2022-01-12 13:44:08', '2022-07-31 12:10:54', NULL),
(9, 'sel', 0, 15000, 'UP', '2022-01-12 13:58:58', '2022-01-12 13:58:58', NULL),
(10, 'lait', 0, 15000, 'UP', '2022-01-12 14:06:54', '2022-01-12 14:06:54', NULL),
(11, 'farine de blé', 0, 40000, 'UP', '2022-01-12 14:13:43', '2022-01-12 14:13:43', NULL),
(12, 'huiles', 0, 15000, 'UP', '2022-01-12 14:29:09', '2022-01-12 14:29:09', NULL),
(13, 'levures', 0, 3000, 'UP', '2022-01-12 14:32:55', '2022-01-12 14:32:55', NULL),
(14, 'margarine', 0, 1000, 'UP', '2022-01-12 14:34:38', '2022-01-12 14:34:38', NULL),
(15, 'oeufs', 0, 100000, 'UP', '2022-01-12 15:45:33', '2022-01-12 15:45:33', NULL),
(16, 'sucre vanillé', 0, 20000, 'UP', '2022-01-12 15:58:04', '2022-01-12 15:58:04', NULL),
(17, 'chapa ndazi', 0, 5000, 'UP', '2022-01-12 16:01:29', '2022-01-12 16:01:29', NULL),
(18, 'pain/biscuit', 78, 300, 'CNTES', '2022-03-22 00:00:00', '2022-10-15 15:02:59', NULL),
(19, 'nourriture', 0, 0, 'CNTES', '2022-04-27 00:00:00', '2022-07-06 08:53:26', NULL),
(20, 'vêtement', 0, 0, 'CNTES', '2022-04-27 00:00:00', '2022-07-06 09:24:23', NULL),
(22, 'chaussures', 0, 0, 'CNTES', '2022-05-07 00:00:00', '2022-07-06 09:25:31', NULL),
(23, 'jouets', 0, 0, 'CNTES', '2022-05-07 00:00:00', '2022-07-06 09:26:41', NULL);

-- --------------------------------------------------------

--
-- Table structure for table `matiere_produits`
--

CREATE TABLE `matiere_produits` (
  `id` int(11) NOT NULL,
  `matiere_id` int(11) NOT NULL,
  `produit_id` int(11) NOT NULL,
  `qte_matiere` float NOT NULL,
  `createdAt` datetime NOT NULL,
  `updatedAt` datetime NOT NULL,
  `deletedAt` datetime DEFAULT NULL
) ENGINE=InnoDB DEFAULT CHARSET=utf8;

-- --------------------------------------------------------

--
-- Table structure for table `operation_matieres`
--

CREATE TABLE `operation_matieres` (
  `id` int(11) NOT NULL,
  `date_operation` datetime NOT NULL,
  `matiere_id` int(11) NOT NULL,
  `type_operation` varchar(255) NOT NULL,
  `qte_operation` float NOT NULL,
  `commentaire_operation` text NOT NULL,
  `createdAt` datetime NOT NULL,
  `updatedAt` datetime NOT NULL,
  `deletedAt` datetime DEFAULT NULL
) ENGINE=InnoDB DEFAULT CHARSET=utf8;

--
-- Dumping data for table `operation_matieres`
--

INSERT INTO `operation_matieres` (`id`, `date_operation`, `matiere_id`, `type_operation`, `qte_operation`, `commentaire_operation`, `createdAt`, `updatedAt`, `deletedAt`) VALUES
(299, '2020-07-06 00:00:00', 1, 'entrée', 48000, 'Approvisionnement ', '2022-07-31 11:51:34', '2022-07-31 11:51:34', NULL),
(300, '2020-07-06 00:00:00', 2, 'entrée', 71500, 'Approvisionnement ', '2022-07-31 11:51:34', '2022-07-31 11:51:34', NULL),
(301, '2020-07-06 00:00:00', 3, 'entrée', 48500, 'Approvisionnement ', '2022-07-31 11:51:34', '2022-07-31 11:51:34', NULL),
(302, '2020-07-06 00:00:00', 4, 'entrée', 51000, 'Approvisionnement ', '2022-07-31 11:51:34', '2022-07-31 11:51:34', NULL),
(303, '2020-07-06 00:00:00', 6, 'entrée', 20000, 'Approvisionnement ', '2022-07-31 11:54:50', '2022-07-31 11:54:50', NULL),
(304, '2020-07-06 00:00:00', 1, 'sortie', 5000, 'Rations humide et sèche ', '2022-07-31 11:56:48', '2022-07-31 11:56:48', NULL),
(305, '2020-07-06 00:00:00', 2, 'sortie', 2500, 'Rations humide et sèche ', '2022-07-31 11:56:48', '2022-07-31 11:56:48', NULL),
(306, '2020-07-06 00:00:00', 3, 'sortie', 2500, 'Rations humide et sèche ', '2022-07-31 11:56:48', '2022-07-31 11:56:48', NULL),
(307, '2020-07-06 00:00:00', 4, 'sortie', 1000, 'Rations humide et sèche ', '2022-07-31 11:56:49', '2022-07-31 11:56:49', NULL),
(308, '2020-07-08 00:00:00', 1, 'sortie', 4000, 'Rations humide et sèche ', '2022-07-31 12:00:36', '2022-07-31 12:00:36', NULL),
(309, '2020-07-08 00:00:00', 2, 'sortie', 2000, 'Rations humide et sèche ', '2022-07-31 12:00:37', '2022-07-31 12:00:37', NULL),
(310, '2020-07-08 00:00:00', 3, 'sortie', 2000, 'Rations humide et sèche ', '2022-07-31 12:00:37', '2022-07-31 12:00:37', NULL),
(311, '2020-07-08 00:00:00', 4, 'sortie', 3000, 'Rations humide et sèche ', '2022-07-31 12:02:26', '2022-07-31 12:02:26', NULL),
(312, '2020-07-10 00:00:00', 1, 'sortie', 2000, 'Rations humide et sèche ', '2022-07-31 12:06:03', '2022-07-31 12:06:03', NULL),
(313, '2020-07-10 00:00:00', 2, 'sortie', 1000, 'Rations humide et sèche ', '2022-07-31 12:06:03', '2022-07-31 12:06:03', NULL),
(314, '2020-07-10 00:00:00', 3, 'sortie', 1000, 'Rations humide et sèche ', '2022-07-31 12:06:04', '2022-07-31 12:06:04', NULL),
(315, '2020-07-10 00:00:00', 4, 'sortie', 1000, 'Rations humide et sèche ', '2022-07-31 12:07:59', '2022-07-31 12:07:59', NULL),
(316, '2020-07-13 00:00:00', 18, 'entrée', 100, 'Approvisionnement ', '2022-07-31 12:09:41', '2022-07-31 12:11:25', NULL),
(317, '2020-07-13 00:00:00', 8, 'entrée', 250, 'Approvisionnement ', '2022-07-31 12:10:54', '2022-07-31 12:10:54', NULL),
(318, '2020-07-13 00:00:00', 1, 'sortie', 2000, 'Rations humide et sèche ', '2022-07-31 12:13:55', '2022-07-31 12:13:55', NULL),
(319, '2020-07-13 00:00:00', 2, 'sortie', 1000, 'Rations humide et sèche ', '2022-07-31 12:13:55', '2022-07-31 12:13:55', NULL),
(320, '2020-07-13 00:00:00', 3, 'sortie', 1000, 'Rations humide et sèche ', '2022-07-31 12:13:55', '2022-07-31 12:13:55', NULL),
(321, '2020-07-13 00:00:00', 4, 'sortie', 1000, 'Rations humide et sèche ', '2022-07-31 12:13:56', '2022-07-31 12:13:56', NULL),
(322, '2020-07-13 00:00:00', 18, 'sortie', 63, 'Accompagnement ration humide ', '2022-07-31 12:16:06', '2022-07-31 12:25:55', NULL),
(323, '2020-07-15 00:00:00', 7, 'entrée', 50000, 'Approvisionnement ', '2022-07-31 12:24:35', '2022-07-31 12:24:35', NULL),
(324, '2020-07-15 00:00:00', 6, 'entrée', 20000, 'Approvisionnement ', '2022-07-31 12:24:36', '2022-07-31 12:24:36', NULL),
(325, '2020-07-15 00:00:00', 5, 'entrée', 5000, 'Approvisionnement ', '2022-07-31 12:27:48', '2022-07-31 12:27:48', NULL),
(326, '2020-07-15 00:00:00', 18, 'entrée', 50, 'Approvisionnement ', '2022-07-31 12:29:11', '2022-07-31 12:29:11', NULL),
(327, '2020-07-15 00:00:00', 1, 'sortie', 4000, 'Rations humide et sèche ', '2022-07-31 12:36:08', '2022-07-31 12:36:08', NULL),
(328, '2020-07-15 00:00:00', 3, 'sortie', 2000, 'Rations humide et sèche ', '2022-07-31 12:36:08', '2022-07-31 12:36:08', NULL),
(329, '2020-07-15 00:00:00', 2, 'sortie', 2000, 'Rations humide et sèche ', '2022-07-31 12:36:08', '2022-07-31 12:36:08', NULL),
(330, '2020-07-15 00:00:00', 18, 'sortie', 47, 'Accompagnement ration humide ', '2022-07-31 12:36:09', '2022-07-31 12:37:18', NULL),
(331, '2020-07-15 00:00:00', 7, 'sortie', 1000, 'Cuisson ration humide ', '2022-07-31 12:36:09', '2022-07-31 12:39:37', NULL),
(332, '2020-07-15 00:00:00', 4, 'sortie', 2000, 'Rations humide et sèche ', '2022-07-31 12:36:09', '2022-07-31 12:36:09', NULL),
(333, '2020-07-15 00:00:00', 5, 'sortie', 100, 'Lavage ustensiles de cuisine ', '2022-07-31 12:44:01', '2022-07-31 12:46:22', NULL),
(334, '2020-07-17 00:00:00', 1, 'sortie', 6000, 'Rations humide et sèche ', '2022-07-31 12:52:44', '2022-07-31 12:52:44', NULL),
(335, '2020-07-17 00:00:00', 3, 'sortie', 3000, 'Rations humide et sèche ', '2022-07-31 12:52:45', '2022-07-31 12:52:45', NULL),
(336, '2020-07-17 00:00:00', 2, 'sortie', 3000, 'Rations humide et sèche ', '2022-07-31 12:52:45', '2022-07-31 12:52:45', NULL),
(337, '2020-07-17 00:00:00', 18, 'sortie', 35, 'Accompagnement ration humide ', '2022-07-31 12:52:45', '2022-07-31 12:53:38', NULL),
(338, '2020-07-17 00:00:00', 6, 'sortie', 21000, 'Rations humide et sèche ', '2022-07-31 12:52:46', '2022-07-31 12:52:46', NULL),
(339, '2020-07-17 00:00:00', 4, 'sortie', 2000, 'Rations humide et sèche ', '2022-07-31 12:54:56', '2022-07-31 12:54:56', NULL),
(340, '2020-07-20 00:00:00', 1, 'entrée', 25000, 'Approvisionnement ', '2022-07-31 12:58:13', '2022-07-31 12:58:13', NULL),
(341, '2020-07-20 00:00:00', 18, 'entrée', 70, 'Approvisionnement ', '2022-07-31 13:01:46', '2022-07-31 13:01:46', NULL),
(342, '2020-07-20 00:00:00', 1, 'sortie', 11000, 'Rations humide et sèche ', '2022-07-31 13:04:01', '2022-07-31 13:04:01', NULL),
(343, '2020-07-20 00:00:00', 2, 'sortie', 5500, 'Rations humide et sèche ', '2022-07-31 13:04:02', '2022-07-31 13:04:02', NULL),
(344, '2020-07-20 00:00:00', 3, 'sortie', 5500, 'Rations humide et sèche ', '2022-07-31 13:04:02', '2022-07-31 13:04:02', NULL),
(345, '2020-07-20 00:00:00', 6, 'sortie', 2000, 'Rations humide et sèche ', '2022-07-31 13:04:02', '2022-07-31 13:04:02', NULL),
(346, '2020-07-20 00:00:00', 4, 'sortie', 2500, 'Rations humide et sèche ', '2022-07-31 13:04:03', '2022-07-31 13:04:03', NULL),
(347, '2020-07-20 00:00:00', 18, 'sortie', 68, 'Accompagnement ration humide ', '2022-07-31 13:04:03', '2022-07-31 13:04:30', NULL),
(348, '2020-07-20 00:00:00', 7, 'sortie', 3000, 'Cuisson ration humide ', '2022-07-31 13:06:28', '2022-07-31 13:06:28', NULL),
(349, '2020-07-22 00:00:00', 18, 'entrée', 30, 'Approvisionnement ', '2022-07-31 13:08:35', '2022-07-31 13:08:35', NULL),
(368, '2020-07-22 00:00:00', 1, 'sortie', 2000, 'Rations humide et sèche ', '2022-07-31 13:16:00', '2022-07-31 13:16:00', NULL),
(369, '2020-07-22 00:00:00', 3, 'sortie', 1000, 'Rations humide et sèche ', '2022-07-31 13:16:00', '2022-07-31 13:16:00', NULL),
(370, '2020-07-22 00:00:00', 2, 'sortie', 2000, 'Rations humide et sèche ', '2022-07-31 13:16:01', '2022-07-31 13:16:01', NULL),
(371, '2020-07-22 00:00:00', 6, 'sortie', 1000, 'Rations humide et sèche ', '2022-07-31 13:16:01', '2022-07-31 13:16:01', NULL),
(374, '2020-07-22 00:00:00', 4, 'sortie', 1500, 'Rations humide et sèche ', '2022-07-31 13:24:24', '2022-07-31 13:24:24', NULL),
(376, '2020-07-22 00:00:00', 7, 'sortie', 3000, 'Cuisson ration humide ', '2022-08-01 08:03:57', '2022-08-01 08:03:57', NULL),
(377, '2020-07-22 00:00:00', 5, 'sortie', 500, 'Lavage ustensiles de cuisine ', '2022-08-01 08:05:12', '2022-08-01 08:05:12', NULL),
(378, '2020-07-24 00:00:00', 18, 'entrée', 108, 'Approvisionnement ', '2022-08-01 08:42:30', '2022-10-15 15:03:00', NULL),
(379, '2020-07-22 00:00:00', 18, 'sortie', 47, 'Accompagnement ration humide ', '2022-08-01 08:43:38', '2022-08-09 07:36:36', NULL),
(380, '2020-07-24 00:00:00', 1, 'sortie', 9000, 'Rations humide et sèche ', '2022-08-01 08:46:57', '2022-08-01 08:46:57', NULL),
(381, '2020-07-24 00:00:00', 2, 'sortie', 4500, 'Rations humide et sèche ', '2022-08-01 08:46:57', '2022-08-01 08:46:57', NULL),
(382, '2020-07-24 00:00:00', 3, 'sortie', 4500, 'Rations humide et sèche ', '2022-08-01 08:46:58', '2022-08-01 08:46:58', NULL),
(383, '2020-07-24 00:00:00', 6, 'sortie', 1500, 'Rations humide et sèche ', '2022-08-01 08:46:58', '2022-08-01 08:46:58', NULL),
(384, '2020-07-24 00:00:00', 4, 'sortie', 3000, 'Rations humide et sèche ', '2022-08-01 08:46:58', '2022-08-01 08:46:58', NULL),
(385, '2020-07-24 00:00:00', 18, 'sortie', 35, 'Accompagnement ration humide ', '2022-08-01 08:46:59', '2022-08-01 08:49:24', NULL),
(386, '2020-07-24 00:00:00', 7, 'sortie', 3000, 'Cuisson ration humide ', '2022-08-01 08:48:41', '2022-08-01 08:48:41', NULL),
(392, '2020-07-27 00:00:00', 1, 'sortie', 8000, 'Rations humide et sèche ', '2022-08-01 09:00:27', '2022-08-01 09:00:27', NULL),
(393, '2020-07-27 00:00:00', 2, 'sortie', 4000, 'Rations humide et sèche ', '2022-08-01 09:00:27', '2022-08-01 09:00:27', NULL),
(394, '2020-07-27 00:00:00', 3, 'sortie', 4000, 'Rations humide et sèche ', '2022-08-01 09:01:30', '2022-08-01 09:01:30', NULL),
(395, '2020-07-27 00:00:00', 4, 'sortie', 2500, 'Rations humide et sèche ', '2022-08-01 09:01:30', '2022-08-01 09:01:30', NULL),
(396, '2020-07-27 00:00:00', 6, 'sortie', 2500, 'Rations humide et sèche ', '2022-08-01 09:04:31', '2022-08-01 09:04:31', NULL),
(397, '2020-07-27 00:00:00', 7, 'sortie', 3000, 'Cuisson ration humide ', '2022-08-01 09:32:08', '2022-08-01 09:32:08', NULL),
(398, '2020-07-29 00:00:00', 18, 'entrée', 94, 'Approvisionnement ', '2022-08-10 07:01:40', '2022-08-10 07:01:40', NULL),
(399, '2020-07-27 00:00:00', 18, 'sortie', 42, 'Accompagnement ration humide ', '2022-08-10 07:03:31', '2022-08-10 07:03:31', NULL),
(400, '2020-07-29 00:00:00', 4, 'sortie', 2000, 'Rations humide et sèche ', '2022-08-17 20:55:37', '2022-08-17 20:55:37', NULL);

-- --------------------------------------------------------

--
-- Table structure for table `patients`
--

CREATE TABLE `patients` (
  `id` int(11) NOT NULL,
  `id_patient` char(36) CHARACTER SET utf8 COLLATE utf8_bin DEFAULT NULL,
  `nom_patient` varchar(255) NOT NULL,
  `postnom_patient` varchar(255) DEFAULT NULL,
  `prenom_patient` varchar(255) DEFAULT NULL,
  `sexe_patient` varchar(255) NOT NULL,
  `date_naissance_patient` datetime NOT NULL,
  `adresse_patient` text NOT NULL,
  `provenance_patient` varchar(255) NOT NULL,
  `mode_arrive` varchar(255) NOT NULL,
  `poids_naissance` float NOT NULL,
  `telephone` varchar(255) DEFAULT NULL,
  `familleId` int(11) NOT NULL,
  `transferer_unt` tinyint(1) DEFAULT NULL,
  `declarer_gueri` tinyint(1) DEFAULT NULL,
  `declarer_sorti` tinyint(1) DEFAULT '0',
  `modalite_sortie` text,
  `createdAt` datetime NOT NULL,
  `updatedAt` datetime NOT NULL,
  `deletedAt` datetime DEFAULT NULL
) ENGINE=InnoDB DEFAULT CHARSET=utf8;

--
-- Dumping data for table `patients`
--

INSERT INTO `patients` (`id`, `id_patient`, `nom_patient`, `postnom_patient`, `prenom_patient`, `sexe_patient`, `date_naissance_patient`, `adresse_patient`, `provenance_patient`, `mode_arrive`, `poids_naissance`, `telephone`, `familleId`, `transferer_unt`, `declarer_gueri`, `declarer_sorti`, `modalite_sortie`, `createdAt`, `updatedAt`, `deletedAt`) VALUES
(40, '4525a76e-02d2-48e8-b985-e15d7a7f6ff9', 'Mulumeoderwa', 'Furaisha', 'Furaisha', 'F', '2017-07-17 00:00:00', '', 'Hors Ville', 'De la maison', 3200, '', 40, 0, 0, 0, NULL, '2022-08-11 22:04:58', '2022-08-11 22:04:58', NULL),
(41, '5ec7b3b4-5a42-4448-8f9e-b0cc69ddda02', 'Cizungu', 'Cito', 'Cito', 'M', '2019-06-20 00:00:00', '', 'Bagira', 'De la maison', 2000, '', 41, 0, 0, 0, NULL, '2022-08-11 22:39:45', '2022-08-11 22:39:45', NULL),
(42, 'e15c9722-65fd-4d4b-98a5-2a073a9ea27d', 'Mulumeoderwa', 'Elia', 'Elia', 'M', '2015-01-15 00:00:00', '', 'Hors Ville', 'De la maison', 3200, '', 42, 0, 0, 0, NULL, '2022-08-15 08:23:04', '2022-08-15 08:23:04', NULL),
(43, '1030b0e3-843c-442b-9578-5c56cf47fe67', 'Mulumeoderwa', 'Mugisho', 'Mugisho ', 'M', '2013-01-15 00:00:00', '', 'Bagira', 'De la maison', 3100, '', 43, 0, 0, 0, NULL, '2022-08-15 08:48:19', '2022-08-15 08:48:19', NULL),
(44, '420591f0-8329-4277-ae52-8f88813a415b', 'Nsikuziluga', 'Furaha', 'Furaha', 'F', '2014-06-12 00:00:00', '', 'Hors Ville', 'De la maison', 3000, '', 44, 0, 0, 0, NULL, '2022-08-15 10:43:42', '2022-08-15 10:43:42', NULL),
(45, '9ea7aac7-11be-4711-aff9-71944046766e', 'Murhula', 'Imani', 'Imani', 'M', '2015-01-20 00:00:00', '', 'Hors Ville', 'De la maison', 4200, '', 45, 0, 0, 0, NULL, '2022-08-15 10:57:27', '2022-08-15 10:57:27', NULL),
(46, '14d34091-b051-4247-b99a-61c80fe8cbb2', 'Murhula', 'Tukopamoja', 'Tukopamoja', 'F', '2019-07-20 00:00:00', '', 'Hors Ville', 'De la maison', 3400, '', 46, 0, 0, 0, NULL, '2022-08-15 13:25:28', '2022-08-15 13:25:28', NULL),
(47, '076ac576-b014-4131-bc26-a52ba77a426e', 'Mugomoka', 'Aganze', 'Aganze', 'M', '2014-02-01 00:00:00', '', 'Bagira', 'De la maison', 5000, '', 47, 1, 0, 0, NULL, '2022-08-15 13:50:51', '2022-08-15 13:50:51', NULL),
(48, '3408671f-44ce-47c2-9711-4ca0d3b54e65', 'Kachika', 'Joyce', 'Joyce', 'F', '2017-08-20 00:00:00', '', 'Bagira', 'De la maison', 2800, '', 48, 0, 0, 0, NULL, '2022-08-16 08:17:56', '2022-08-16 08:17:56', NULL),
(49, 'ac08b5a8-cd15-4135-bda6-49d74005c13b', 'Abdu', 'Iragi', 'Iragi ', 'F', '2019-09-02 00:00:00', '', 'Hors Ville', 'De la maison', 3100, '', 49, 0, 0, 0, NULL, '2022-08-16 08:43:56', '2022-08-16 08:43:56', NULL),
(50, 'cc0e4ebc-59eb-4c7f-9325-e278012df54c', 'Bisimwa', 'Ashuza', 'Ashuza', 'M', '2019-09-13 00:00:00', '', 'kadutu', 'De la maison', 3200, '', 50, 0, 0, 0, NULL, '2022-08-16 09:09:46', '2022-08-16 09:09:46', NULL),
(51, 'a5967a40-0419-41fc-88f7-f972a10df96d', 'Ruhamya', 'Bonane', 'Bonane', 'M', '2014-04-03 00:00:00', '', 'Hors Ville', 'De la maison', 3000, '', 51, 1, 0, 0, NULL, '2022-08-17 07:54:22', '2022-08-17 07:54:22', NULL),
(52, '438acb77-c726-4488-81e9-f77ae1081fcb', 'Kitumaini', 'Cikuru', 'Cikuru', 'F', '2020-02-15 00:00:00', '', 'Hors Ville', 'De la maison', 3000, '', 52, 1, 0, 0, NULL, '2022-08-24 07:29:09', '2022-08-24 07:29:09', NULL),
(53, '7de88a04-0d4a-466c-bf30-2521794f5bf1', 'Mushiaramina', 'Nshobole', 'Nshobole', 'F', '2020-01-15 00:00:00', '', 'Bagira', 'De la maison', 3000, '', 53, 1, 0, 0, NULL, '2022-08-24 08:56:31', '2022-08-24 08:56:31', NULL),
(54, 'e5158b33-65a2-475e-858b-cfcf9e719b3b', 'Mushagalusa ', 'Kazine', 'Kazine', 'M', '2020-09-03 00:00:00', '', 'Bagira', 'De la maison', 3300, '', 54, 0, 0, 0, NULL, '2022-08-24 10:12:10', '2022-08-24 10:12:10', NULL),
(55, 'ed476ea1-8d14-4723-b32d-f90e74f7ad3d', 'Rukomeza', 'Merveille', 'Merveille', 'F', '2020-05-04 00:00:00', '', 'Hors Ville', 'De la maison', 3800, '', 55, 1, 0, 0, NULL, '2022-08-24 12:44:01', '2022-08-24 12:44:01', NULL),
(56, '89d1fe41-cac4-4924-83b1-114631393ecd', 'Mihigo', 'Lumière', 'Lumière', 'F', '2019-09-10 00:00:00', '', 'Hors Ville', 'De la maison', 3500, '', 56, 1, 0, 0, NULL, '2022-08-24 13:43:47', '2022-08-24 13:43:47', NULL),
(57, 'cbea8461-aeb4-49c7-a605-c4ad9066d3a3', 'Ruhamya', 'Noeli', 'Noweli', 'M', '2017-04-01 00:00:00', '', 'Hors Ville', 'De la maison', 3000, '', 57, 1, 0, 0, NULL, '2022-09-07 17:47:34', '2022-09-07 17:47:34', NULL),
(58, '03dd9157-ac64-44b2-90fb-259b3886b002', 'Ruhamya', 'Manu', 'Emmanuel', 'M', '2019-03-30 00:00:00', '', 'Hors Ville', 'De la maison', 3500, '', 58, 1, 0, 0, NULL, '2022-09-08 05:07:40', '2022-09-08 05:07:40', NULL),
(59, 'e2bc0096-ffa6-4b59-b25c-d1fa8a7912c4', 'Murhabazi', 'David', 'David', 'M', '2020-09-18 00:00:00', '', 'kadutu', 'De la maison', 3000, '', 59, 0, 0, 0, NULL, '2022-09-08 05:27:03', '2022-09-08 05:27:03', NULL),
(61, '88b3c332-23da-4118-9048-0ef66ff734d5', 'Muacane', 'Rukomeza', 'Rukomeza', 'M', '2015-04-30 00:00:00', '', 'Hors Ville', 'De la maison', 3000, '', 61, 1, 0, 0, NULL, '2022-09-08 15:05:26', '2022-09-08 15:05:26', NULL),
(62, 'ac2b04d3-766f-4fec-a112-63798cdf5e87', 'Mushagalusa', 'Credo', 'Credo', 'M', '2020-05-02 00:00:00', '', 'Hors Ville', 'De la maison', 5000, '', 62, 0, 0, 0, NULL, '2022-09-14 15:09:05', '2022-09-14 15:09:05', NULL),
(63, '01f06005-3cb2-4831-a1b3-dc14f2cec94d', 'Bisimwa', 'Lola', 'Lola', 'F', '2016-11-04 00:00:00', '', 'Bagira', 'De la maison', 3600, '', 63, 0, 0, 0, NULL, '2022-09-15 00:14:36', '2022-09-15 00:14:36', NULL),
(64, 'af15144a-9ad3-4fad-bb48-3cfd0e43ca24', 'Shamamba', 'Cito', 'Cito', 'M', '2018-05-02 00:00:00', '', 'kadutu', 'De la maison', 2500, '', 64, 1, 0, 0, NULL, '2022-09-15 00:36:39', '2022-09-15 00:36:39', NULL),
(65, '6af69205-d4ee-47eb-b4d7-f26979d4a6cc', 'Bisimwa', 'Marie', 'Marie', 'F', '2014-05-03 00:00:00', '', 'Bagira', 'De la maison', 3500, '', 65, 0, 0, 0, NULL, '2022-09-15 00:48:28', '2022-09-15 00:48:28', NULL),
(66, '4364c6ad-09a9-4210-8ea3-9e0f402885e9', 'Shabani', 'Safi', 'Safi', 'F', '2018-05-05 00:00:00', '', 'Hors Ville', 'De la maison', 3000, '', 66, 0, 0, 0, NULL, '2022-09-15 01:14:23', '2022-09-15 01:14:23', NULL);

-- --------------------------------------------------------

--
-- Table structure for table `produits`
--

CREATE TABLE `produits` (
  `id` int(11) NOT NULL,
  `libelle_produit` varchar(255) NOT NULL,
  `qte_produit` float NOT NULL,
  `prix_unitaire` float NOT NULL,
  `date_production` datetime NOT NULL,
  `createdAt` datetime NOT NULL,
  `updatedAt` datetime NOT NULL,
  `deletedAt` datetime DEFAULT NULL
) ENGINE=InnoDB DEFAULT CHARSET=utf8;

-- --------------------------------------------------------

--
-- Table structure for table `SequelizeMeta`
--

CREATE TABLE `SequelizeMeta` (
  `name` varchar(255) COLLATE utf8_unicode_ci NOT NULL
) ENGINE=InnoDB DEFAULT CHARSET=utf8 COLLATE=utf8_unicode_ci;

--
-- Dumping data for table `SequelizeMeta`
--

INSERT INTO `SequelizeMeta` (`name`) VALUES
('20210824100933-create-user.js'),
('20210824104026-create-famille.js'),
('20210824110639-create-patient.js'),
('20210824111813-create-cause-malnutrition.js'),
('20210824112243-create-anthropometrique.js'),
('20210824112434-create-consulter-par.js'),
('20211126125845-create-matiere-premiere.js'),
('20211126130122-create-produit.js'),
('20211126130516-create-operation-matiere.js'),
('20211126130827-create-matiere-produit.js'),
('20220125140519-create-attendance.js'),
('20220125150839-create-generator.js');

-- --------------------------------------------------------

--
-- Table structure for table `users`
--

CREATE TABLE `users` (
  `id` int(11) NOT NULL,
  `id_user` char(36) CHARACTER SET utf8 COLLATE utf8_bin DEFAULT NULL,
  `nom_user` varchar(255) NOT NULL,
  `postnom_user` varchar(255) DEFAULT NULL,
  `prenom_user` varchar(255) NOT NULL,
  `email` varchar(255) NOT NULL,
  `sexe_user` varchar(255) NOT NULL,
  `password` text NOT NULL,
  `is_admin` tinyint(1) NOT NULL,
  `statut` varchar(255) NOT NULL,
  `createdAt` datetime NOT NULL,
  `updatedAt` datetime NOT NULL,
  `deletedAt` datetime DEFAULT NULL
) ENGINE=InnoDB DEFAULT CHARSET=utf8;

--
-- Dumping data for table `users`
--

INSERT INTO `users` (`id`, `id_user`, `nom_user`, `postnom_user`, `prenom_user`, `email`, `sexe_user`, `password`, `is_admin`, `statut`, `createdAt`, `updatedAt`, `deletedAt`) VALUES
(1, '96a29089-6bae-4213-9f77-3ccc2708114a', 'Buhendwa', 'Babone', 'Randy', 'creytas@gmail.com', 'M', '$2b$10$IarcelOJMamx9D4Tk7zCJusoJdbr3w.0qzMy8P92aZUeajJ.o1uXO', 1, 'Admin', '2022-01-04 00:00:00', '2022-02-21 11:24:30', NULL),
(4, 'd4fd70bd-401f-4e4c-8c8b-698cecbfa4b2', 'Rutakangwa', 'Kasigwa', 'Samson', 'princesamruta@gmail.com', 'M', '$2b$10$yL6lU5uv3YMW0c1EyjFIu.JoDiYoeqjN6wSsETlBVYq9Zsfxh0D8W', 1, 'Coordonateur', '2022-02-01 09:15:23', '2022-02-01 09:15:23', NULL),
(7, '53b20ad2-4f04-4b09-bf19-ac5f5a1b5c04', 'Cirangashane', 'Mihigo', 'Gloriose', 'gloriosemihigo3@gmail.com', 'F', '$2b$10$XtWHu59FjWrsI/U5TvsGL.4dWaZY0rRmlE/.kb2b7X3m5m1N2MUj2', 0, 'Médecin', '2022-02-02 14:24:48', '2022-05-15 17:42:27', NULL),
(8, '48c3b4e4-402a-41ca-96a4-b1bc9c50583b', 'Rwidegembya', 'Mushagalusa', 'Ruphin', 'rwidegembyamushagaruphin@gmail.com', 'M', '$2b$10$lZaTiLhYW2UGURQXQNmsIO.NuULU7fqKG6sEFTUgV73UP7Mhg4BQu', 0, 'Ass. Sanitaire', '2022-02-02 14:27:09', '2022-05-20 09:59:21', NULL),
(9, '1d2cc642-6e9c-449a-919f-36ad5599940d', 'Nyakasane', 'Muhimuzi', 'Adolphe', 'adolphenyak@gmail.com', 'M', '$2b$10$vArjdpRpFX.Bld5BjUOwQeayWIj7z4qK9HRb3at4kqsYs0fXtwigy', 1, 'Médecin', '2022-02-02 14:31:43', '2022-10-19 11:56:13', NULL),
(10, 'b96a3b70-8c9c-4af2-b1ee-9af209a718cc', 'Mungu-Akonkwa', 'Zigabe', 'Lydia', 'lydiazigabe80@gmail.com', 'F', '$2b$10$j0RY3drAmc4apR5qQhFhV.0gp8CLU2np3QpDNf1ghcbHib28qXxtK', 1, 'Médecin', '2022-02-02 14:33:25', '2022-05-08 10:57:11', NULL);

--
-- Indexes for dumped tables
--

--
-- Indexes for table `anthropometriques`
--
ALTER TABLE `anthropometriques`
  ADD PRIMARY KEY (`id`),
  ADD KEY `patientId` (`patientId`);

--
-- Indexes for table `attendances`
--
ALTER TABLE `attendances`
  ADD PRIMARY KEY (`id`),
  ADD KEY `user_id` (`user_id`);

--
-- Indexes for table `cause_malnutritions`
--
ALTER TABLE `cause_malnutritions`
  ADD PRIMARY KEY (`id`),
  ADD KEY `patientId` (`patientId`);

--
-- Indexes for table `consulter_pars`
--
ALTER TABLE `consulter_pars`
  ADD PRIMARY KEY (`id`),
  ADD KEY `userId` (`userId`),
  ADD KEY `patientId` (`patientId`);

--
-- Indexes for table `familles`
--
ALTER TABLE `familles`
  ADD PRIMARY KEY (`id`);

--
-- Indexes for table `generators`
--
ALTER TABLE `generators`
  ADD PRIMARY KEY (`id`);

--
-- Indexes for table `matiere_premieres`
--
ALTER TABLE `matiere_premieres`
  ADD PRIMARY KEY (`id`);

--
-- Indexes for table `matiere_produits`
--
ALTER TABLE `matiere_produits`
  ADD PRIMARY KEY (`id`),
  ADD KEY `matiere_id` (`matiere_id`),
  ADD KEY `produit_id` (`produit_id`);

--
-- Indexes for table `operation_matieres`
--
ALTER TABLE `operation_matieres`
  ADD PRIMARY KEY (`id`),
  ADD KEY `matiere_id` (`matiere_id`);

--
-- Indexes for table `patients`
--
ALTER TABLE `patients`
  ADD PRIMARY KEY (`id`),
  ADD KEY `familleId` (`familleId`);

--
-- Indexes for table `produits`
--
ALTER TABLE `produits`
  ADD PRIMARY KEY (`id`);

--
-- Indexes for table `SequelizeMeta`
--
ALTER TABLE `SequelizeMeta`
  ADD PRIMARY KEY (`name`),
  ADD UNIQUE KEY `name` (`name`);

--
-- Indexes for table `users`
--
ALTER TABLE `users`
  ADD PRIMARY KEY (`id`);

--
-- AUTO_INCREMENT for dumped tables
--

--
-- AUTO_INCREMENT for table `anthropometriques`
--
ALTER TABLE `anthropometriques`
  MODIFY `id` int(11) NOT NULL AUTO_INCREMENT, AUTO_INCREMENT=71;

--
-- AUTO_INCREMENT for table `attendances`
--
ALTER TABLE `attendances`
  MODIFY `id` int(11) NOT NULL AUTO_INCREMENT, AUTO_INCREMENT=549;

--
-- AUTO_INCREMENT for table `cause_malnutritions`
--
ALTER TABLE `cause_malnutritions`
  MODIFY `id` int(11) NOT NULL AUTO_INCREMENT, AUTO_INCREMENT=52;

--
-- AUTO_INCREMENT for table `consulter_pars`
--
ALTER TABLE `consulter_pars`
  MODIFY `id` int(11) NOT NULL AUTO_INCREMENT, AUTO_INCREMENT=71;

--
-- AUTO_INCREMENT for table `familles`
--
ALTER TABLE `familles`
  MODIFY `id` int(11) NOT NULL AUTO_INCREMENT, AUTO_INCREMENT=67;

--
-- AUTO_INCREMENT for table `generators`
--
ALTER TABLE `generators`
  MODIFY `id` int(11) NOT NULL AUTO_INCREMENT;

--
-- AUTO_INCREMENT for table `matiere_premieres`
--
ALTER TABLE `matiere_premieres`
  MODIFY `id` int(11) NOT NULL AUTO_INCREMENT, AUTO_INCREMENT=24;

--
-- AUTO_INCREMENT for table `matiere_produits`
--
ALTER TABLE `matiere_produits`
  MODIFY `id` int(11) NOT NULL AUTO_INCREMENT;

--
-- AUTO_INCREMENT for table `operation_matieres`
--
ALTER TABLE `operation_matieres`
  MODIFY `id` int(11) NOT NULL AUTO_INCREMENT, AUTO_INCREMENT=401;

--
-- AUTO_INCREMENT for table `patients`
--
ALTER TABLE `patients`
  MODIFY `id` int(11) NOT NULL AUTO_INCREMENT, AUTO_INCREMENT=67;

--
-- AUTO_INCREMENT for table `produits`
--
ALTER TABLE `produits`
  MODIFY `id` int(11) NOT NULL AUTO_INCREMENT;

--
-- AUTO_INCREMENT for table `users`
--
ALTER TABLE `users`
  MODIFY `id` int(11) NOT NULL AUTO_INCREMENT, AUTO_INCREMENT=13;

--
-- Constraints for dumped tables
--

--
-- Constraints for table `anthropometriques`
--
ALTER TABLE `anthropometriques`
  ADD CONSTRAINT `anthropometriques_ibfk_1` FOREIGN KEY (`patientId`) REFERENCES `patients` (`id`) ON DELETE CASCADE ON UPDATE CASCADE;

--
-- Constraints for table `attendances`
--
ALTER TABLE `attendances`
  ADD CONSTRAINT `attendances_ibfk_1` FOREIGN KEY (`user_id`) REFERENCES `users` (`id`);

--
-- Constraints for table `cause_malnutritions`
--
ALTER TABLE `cause_malnutritions`
  ADD CONSTRAINT `cause_malnutritions_ibfk_1` FOREIGN KEY (`patientId`) REFERENCES `patients` (`id`) ON DELETE CASCADE ON UPDATE CASCADE;

--
-- Constraints for table `consulter_pars`
--
ALTER TABLE `consulter_pars`
  ADD CONSTRAINT `consulter_pars_ibfk_1` FOREIGN KEY (`userId`) REFERENCES `users` (`id`) ON UPDATE CASCADE,
  ADD CONSTRAINT `consulter_pars_ibfk_2` FOREIGN KEY (`patientId`) REFERENCES `patients` (`id`) ON UPDATE CASCADE;

--
-- Constraints for table `matiere_produits`
--
ALTER TABLE `matiere_produits`
  ADD CONSTRAINT `matiere_produits_ibfk_1` FOREIGN KEY (`matiere_id`) REFERENCES `matiere_premieres` (`id`),
  ADD CONSTRAINT `matiere_produits_ibfk_2` FOREIGN KEY (`produit_id`) REFERENCES `produits` (`id`);

--
-- Constraints for table `operation_matieres`
--
ALTER TABLE `operation_matieres`
  ADD CONSTRAINT `operation_matieres_ibfk_1` FOREIGN KEY (`matiere_id`) REFERENCES `matiere_premieres` (`id`);

--
-- Constraints for table `patients`
--
ALTER TABLE `patients`
  ADD CONSTRAINT `patients_ibfk_1` FOREIGN KEY (`familleId`) REFERENCES `familles` (`id`) ON DELETE CASCADE ON UPDATE CASCADE;
COMMIT;

/*!40101 SET CHARACTER_SET_CLIENT=@OLD_CHARACTER_SET_CLIENT */;
/*!40101 SET CHARACTER_SET_RESULTS=@OLD_CHARACTER_SET_RESULTS */;
/*!40101 SET COLLATION_CONNECTION=@OLD_COLLATION_CONNECTION */;
